,Compound,Followers,Handle,Id,Language,Name,Search Term,Text,Time Stamp,negative,neutral,positive,Date
0,0.0,24,Financial_Info,1010222179101954048,en,Financial Info Inc,Rite Aid Corp,RITE AID CORP: COM - NYSE: RAD - MERGER PROPOSED https://t.co/xdvrCBR5QB,2018-06-22 18:05:11+00:00,0.0,1.0,0.0,2018-06-19
1,0.0,99,rickkystocks1,1010493178875482112,en,Rickkystocks,Bank of America Corp,Bank of America Corp. $BAC Stock Live Analysis 12-12-2016 #share https://t.co/ojy2cocktr,2018-06-23 12:02:02+00:00,0.0,1.0,0.0,2018-06-19
2,-0.0258,89,LakkisElias,1009185618189062144,en,Elias Lakkis,Bank of America Corp,"BofA's Merrill admits misleading customers, to pay $42 million SEC fine

From https://t.co/kFdvv8ZglE

Bank of Amer‚Ä¶ https://t.co/C291ljzknB",2018-06-19 21:26:15+00:00,0.194,0.616,0.19,2018-06-19
3,0.5719,334,JTBAPO,1009123361413267456,en,JTB-APO,Bank of America Corp,"Thank you to our volunteers from Bank of America, Exelon Corp and Walmart for helping us kick off the first day of‚Ä¶ https://t.co/SbfFlGplPc",2018-06-19 17:18:52+00:00,0.0,0.817,0.183,2018-06-19
4,-0.5423,1839,ChrissaFxTrader,1009019356477616128,en,No Loss Fx Strategy,Bank of America Corp,No Loss Forex Trading EA Algorithmic Strategy https://t.co/MrHIPqrwkv,2018-06-19 10:25:35+00:00,0.429,0.571,0.0,2018-06-19
5,-0.5574,1,InvestMib,1008702584608174080,en,InvestMib,Bank of America Corp,Merrill Lynch reviewing ban on commissions-paying retirement accounts: NEW YORK (Reuters) - The head of Bank of Ame‚Ä¶ https://t.co/0gFwD0IL35,2018-06-18 13:26:51+00:00,0.175,0.825,0.0,2018-06-19
6,-0.5574,1840,naveenjhajhria_,1008636114708639744,en,‡§®‡§µ‡•Ä‡§® ‡§ù‡§æ‡§ù‡•ú‡§ø‡§Ø‡§æ üíØüîÅ,Bank of America Corp,Just Stop Worrying Already and Buy Bank of America Corp Stock #bac https://t.co/pGBBbBmXgi,2018-06-18 09:02:43+00:00,0.295,0.705,0.0,2018-06-19
7,-0.1531,624,kontizil,1008590497575768064,en,kontizil de kont,Bank of America Corp,Just Stop Worrying Already and Buy Bank of America Corp Stock #bac https://t.co/uZQCPOKGjt - Share your top content‚Ä¶ https://t.co/hTr8VpwcCb,2018-06-18 06:01:27+00:00,0.204,0.619,0.177,2018-06-19
8,0.2716,267,kissnboots,1007942088573571072,en,Gabrielle ,Bank of America Corp,The world economy‚Äôs most important week of the year? That‚Äôs what Bank of America Corp. strategists asked clients in‚Ä¶ https://t.co/fN6WpAT0AD,2018-06-16 11:04:55+00:00,0.0,0.901,0.099,2018-06-19
9,0.0,11,ParanormalSally,1007894316109291520,en,Paranormal,Bank of America Corp,"Bank of America‚Äôs loan to Remington tests its firearms pledge: WILMINGTON, Del./NEW YORK (Reuters) ‚Äì Bank of Americ‚Ä¶ https://t.co/m8IymBuhHl",2018-06-16 07:55:05+00:00,0.0,1.0,0.0,2018-06-19
10,-0.5574,308,jbrumley,1007641142999937024,en,James Brumley,Bank of America Corp,Just Stop Worrying Already and Buy Bank of America Corp Stock https://t.co/w1Kmh4Gg9P https://t.co/hHjBb0meef,2018-06-15 15:09:04+00:00,0.295,0.705,0.0,2018-06-19
11,0.0,147,patrickdsouza14,1010816282453655552,en,"Patrick D'souza, Content writer, Clixpert",General Electric Company,@laurakayl #Trump doesn't know what he's doing. Running a country is different from running a company. You can't gr‚Ä¶ https://t.co/uW4QHOnruS,2018-06-24 09:25:56+00:00,0.0,1.0,0.0,2018-06-19
12,0.4215,0,MICHAELARUTT,1010496070399463424,en,Michael Rutt,General Electric Company,Opportunity rings once folks. Grab it. Government Contracts. FORD MOTOR COMPANY 115 YEARS GENERAL ELECTRIC 110 YEAR‚Ä¶ https://t.co/Se9nunPSFz,2018-06-23 12:13:31+00:00,0.0,0.859,0.141,2018-06-19
13,0.0,43,francismufambi,1010483779134279680,en,Francis Gava Mufambi,General Electric Company,"*Bulawayo Presidential Rally*

Despite the existence of ZIDERA Act the signals coming from Washington are positive.‚Ä¶ https://t.co/jSnJYcN3qM",2018-06-23 11:24:41+00:00,0.0,1.0,0.0,2018-06-19
14,0.0,2177,edhasmyvote,1010483403211333633,en,EDhasMYVOTE,General Electric Company,"*Bulawayo Presidential Rally*

Despite the existence of ZIDERA Act the signals coming from Washington are positive.‚Ä¶ https://t.co/7wjb8JtTA2",2018-06-23 11:23:11+00:00,0.0,1.0,0.0,2018-06-19
15,0.0,750,HiramPurkeypile,1010317022364819456,en,Hiram Purkeypile,General Electric Company,"""General Electric faces real questions about whether it's still a viable company and able to make enough changes to‚Ä¶ https://t.co/ZX8rWJ2JF6",2018-06-23 00:22:03+00:00,0.0,1.0,0.0,2018-06-19
16,0.0,1597,UR_RobinsSchool,1010248427958099968,en,Robins School,General Electric Company,Our professor Tom Arnold weighs in on whether @generalelectric can return to the Dow. https://t.co/Nb09Svb91m,2018-06-22 19:49:29+00:00,0.0,1.0,0.0,2018-06-19
17,-0.802,137,riclager,1010236365928321024,en,Ric Lager,General Electric Company,"Sadly, every generation has to be reminded of the ""too much company stock in your #401k"" tragedy. Some things about‚Ä¶ https://t.co/2n6PyuBjz4",2018-06-22 19:01:33+00:00,0.275,0.725,0.0,2018-06-19
18,0.5106,30,MyQuickIncome,1010216618499047424,en,My Quick Income,General Electric Company,How Financially Strong Is General Electric Company (NYSE:GE)? https://t.co/SdrSfpCwTM https://t.co/fqW6BfGAzO,2018-06-22 17:43:05+00:00,0.0,0.732,0.268,2018-06-19
19,0.5563,487,Stuff_to_See3,1010198673240788992,en,Stuff For You To See,General Electric Company,[OC] General Electric's fall from the most admired company in America https://t.co/UFNnYSmXnH,2018-06-22 16:31:46+00:00,0.0,0.754,0.246,2018-06-19
20,0.5563,164,data_rep,1010118474947936256,en,Visual Data,General Electric Company,General Electric‚Äôs fall from the most admired company in... https://t.co/sEcLGL0uMw https://t.co/fUH7zISjhJ,2018-06-22 11:13:06+00:00,0.0,0.736,0.264,2018-06-19
21,0.0,98,naaktslak11,1010480616310300675,en,HODL,Ensco Plc,$ESV @Enscoplc #oil #opec  Ensco plc 200DMA is rising again https://t.co/a3ozC2x2Xm,2018-06-23 11:12:07+00:00,0.0,1.0,0.0,2018-06-19
22,0.5423,57,EreportsMarket,1009715766747455488,en,eReportsMarket üåê,Ensco Plc,"Global Oil Gas Well Drilling Machinery Market 2018- Diamond Offshore Drilling Inc., Vantage Drilling, Rowan Compani‚Ä¶ https://t.co/CxYt8lTaYI",2018-06-21 08:32:53+00:00,0.0,0.769,0.231,2018-06-19
23,0.6249,35,teletechwire,1007941181597257729,en,Teletechwire,Ensco Plc,Northrop Grumman (NOC) At $321.52 Forms Top; Capital Guardian Trust Company Decreased Ensco‚Ä¶ https://t.co/pjiWONQkgH,2018-06-16 11:01:18+00:00,0.0,0.702,0.298,2018-06-19
24,0.6027,250,stumpnbump,1011037356588195840,en,Tracey Eyre,AT&T Inc,@alicecooper @CerealKyler @hollywoodvamps Missing you guys already. Saw you at the SSE Arena in Wembley. AWESOME! T‚Ä¶ https://t.co/PcOhsjGzg6,2018-06-25 00:04:24+00:00,0.094,0.686,0.22,2018-06-19
25,0.0,391,Brittany_Inc,1011035183749922816,en,Brittany,AT&T Inc,Sunday drinking with Alex reminiscing about the time we were at an event with @ChefRoble a few years ago and I didn‚Äôt say hi. #Regret,2018-06-24 23:55:46+00:00,0.0,1.0,0.0,2018-06-19
26,0.4585,5,Fusedbulb1,1011018737862959104,en,FusedBulb,AT&T Inc,"@vivekpandey_inc I don't hate INC. Not at all. 

I just think it has nothing new to offer the country. What are it'‚Ä¶ https://t.co/TMwRaSSQfV",2018-06-24 22:50:25+00:00,0.0,0.87,0.13,2018-06-19
27,0.6486,4,psycheanalytics,1011009429481766912,en,PSYCHeANALYTICS,AT&T Inc,"https://t.co/nH7PoBPob1
Great middle class solutions to middle class problems. PSYCHeANALYTICS is helping the peopl‚Ä¶ https://t.co/veQKzamI45",2018-06-24 22:13:26+00:00,0.124,0.507,0.369,2018-06-19
28,0.0,121,hugo702realtor,1010999312975847425,en,Hugo Aaron Lopez,AT&T Inc,And they listen to me when I talk... cuz I ain‚Äôt pretending...üó£üëÇüèª (Beyonc√© voice) #letsgetyouhomedear ü§ìüè°‚Ä¶ https://t.co/uYWyPmwMH1,2018-06-24 21:33:14+00:00,0.0,1.0,0.0,2018-06-19
29,0.0,123,jl711s,1010995481877590016,en,Jeremy ‚ÄúSecurity‚Äù Latimer,AT&T Inc,AT&amp;T Completes Acquisition of Time Warner Inc. https://t.co/LuKU0U9dvf,2018-06-24 21:18:00+00:00,0.0,1.0,0.0,2018-06-19
30,0.0,191,VinayRock986,1010985129718710272,en,Vinay ‡≤µ‡≤ø‡≤®‡≤Ø‡≥ç,AT&T Inc,@bhaveshtaurian @mysterious2810 @indcheated2014 @BHUSHAN_CHD @arjundsage @Ark82876233 @ajay_kumar32 @IamAlok_INC‚Ä¶ https://t.co/Ui41JjZ9Eg,2018-06-24 20:36:52+00:00,0.0,1.0,0.0,2018-06-19
31,0.5719,259,charmedkelz,1010985099670773760,en,Charmedkelz huskies,AT&T Inc,Happy birthday to my not so little princess Layla can‚Äôt believe it 11 years old today how much you have grown &amp; tur‚Ä¶ https://t.co/KoMAn5mgw6,2018-06-24 20:36:45+00:00,0.0,0.861,0.139,2018-06-19
32,0.1265,56,SystemNoise1,1010969168898818048,en,System Noise,AT&T Inc,@AmericanAir American Airlines President: We Won't Make Things Better For Passengers Unless We Can Make a Profit Ou‚Ä¶ https://t.co/5AVOHdkrRI,2018-06-24 19:33:27+00:00,0.113,0.751,0.136,2018-06-19
33,0.0,85,Randy27398597,1010958814005350401,en,RandyInTheHoodüåä,AT&T Inc,@DesignationSix @FoxNews @IngrahamAngle @Applebees @BASF @Bayer @Cabelas @redlobster @Procter_NGamble @CapitalOne‚Ä¶ https://t.co/qRb3T31N0j,2018-06-24 18:52:18+00:00,0.0,1.0,0.0,2018-06-19
34,-0.8402,216,fvckcaley,1010957181108281344,en,lys „ÉÑ,AT&T Inc,You are a nasty cunt who deserves nothing in life and will not prosper. You have no upper lip at all. Your eyes and‚Ä¶ https://t.co/dnrlSUcrJi,2018-06-24 18:45:49+00:00,0.3,0.7,0.0,2018-06-19
35,-0.3023,183,StageFourMotor,1010948786632450049,en,StageFourMotorsports,AT&T Inc,"A little rain won‚Äôt stop us!

NEO Motorsport | CSCS | Foreign Speed Inc | Luigi Montanez | Jeremy Brutzki | üì∑: Stre‚Ä¶ https://t.co/yGY5axNaNJ",2018-06-24 18:12:27+00:00,0.116,0.884,0.0,2018-06-19
36,0.3612,69,ravigedela_inc,1010947548373139456,en,Ravi Gedela,AT&T Inc,3/ Today the small country like Iceland representing football at word platform. Iceland completely hill area and th‚Ä¶ https://t.co/XzwXT4DFqp,2018-06-24 18:07:32+00:00,0.0,0.878,0.122,2018-06-19
37,0.4927,496,EdgarPapke,1010942702752534530,en,Edgar Papke,AT&T Inc,Even companies that are really good at thinking about their actual customers don't apply the customer-centric minds‚Ä¶ https://t.co/017ffT0SHv,2018-06-24 17:48:17+00:00,0.0,0.842,0.158,2018-06-19
38,-0.7184,14,AnxiousActivis1,1010919815081492481,en,AnxiousActivist,AT&T Inc,@GOPChairwoman @realDonaldTrump Insisting on humanity of both criminals and victims is basic decency‚Äîwhat Republica‚Ä¶ https://t.co/UkJg22NkVV,2018-06-24 16:17:20+00:00,0.316,0.684,0.0,2018-06-19
39,0.4939,824,CraigMcPheat,1010916585505198081,en,Craig McPheat,AT&T Inc,"@calumshepherd Fortunately they slow down 2 wheels as well as 4, and the central humps don't work as well with bike‚Ä¶ https://t.co/DgTIX2C7tf",2018-06-24 16:04:30+00:00,0.0,0.819,0.181,2018-06-19
40,-0.3597,234,electric__chair,1010910820828577792,en,Alfred P. Southwick,AT&T Inc,@HappyBritScot @SteveSayersOne If they were really worried they‚Äôd have noted all the banners provided at the Glasgo‚Ä¶ https://t.co/QZOTKvRaPW,2018-06-24 15:41:36+00:00,0.128,0.872,0.0,2018-06-19
41,0.1695,214,IoTnewsAsia,1010909237873201152,en,Protiotype,AT&T Inc,"""Don't confuse design thinking with design"". A profound observation from @TimKobe¬†of Eight Inc.¬†at¬†‚Ä¶ https://t.co/ReP2N67jdk",2018-06-24 15:35:18+00:00,0.0,0.894,0.106,2018-06-19
42,-0.103,19,Jeft_inc,1010906097648062467,en,Jack Eftink,AT&T Inc,@AustinCaelan Means one has to get used to you and at first it‚Äôs usually not pleasant but later on it gets better. I don‚Äôt disagree,2018-06-24 15:22:50+00:00,0.174,0.698,0.128,2018-06-19
43,0.0,364,tmj_WAR_sales,1010904363831832581,en,"Richland, WA Sales",AT&T Inc,"Check out the 31 latest openings at AT&amp;T (@attCAREERS), Chico's FAS, Inc. (@JoinChicosFAS), Cellular Sales (‚Ä¶ https://t.co/1lRCCXWbOs",2018-06-24 15:15:56+00:00,0.0,1.0,0.0,2018-06-19
44,0.1867,368,ElderJaXoN,1010902661229633537,en,Laramie J. Jackson,AT&T Inc,"Don't miss today's message at TODAH: ""I'm Transformed"" -Transformer Edition on this Youth Sunday!‚Ä¶ https://t.co/Sh1iXdnOSP",2018-06-24 15:09:10+00:00,0.0,0.89,0.11,2018-06-19
45,-0.8316,186,rakeshsingh909,1010902534003744779,en,Rakesh kumar singh,AT&T Inc,@Tithi_Mishra At that time India was at war with Pakistan this time it is at war with the monster of  CORRUPTION le‚Ä¶ https://t.co/j1JQuhcCoj,2018-06-24 15:08:40+00:00,0.271,0.729,0.0,2018-06-19
46,-0.5719,576,MSLspeaks,1010892718136909825,en,MSL,AT&T Inc,Your daughter is the chief communication officer for Hate Inc. so don‚Äôt demagogue a restaurant owner with morals fo‚Ä¶ https://t.co/TAUezdGzCV,2018-06-24 14:29:40+00:00,0.171,0.829,0.0,2018-06-19
47,-0.296,591,silewconsulting,1010880926627311616,en,silew,AT&T Inc,"AT&amp;T to launch 5G in U.S. by late 2018 (Reuters) - AT&amp;T Inc, the No. 2 U.S. wireless carrier, said https://t.co/TfQyftdwhc @silewconsulting",2018-06-24 13:42:48+00:00,0.104,0.896,0.0,2018-06-19
48,0.0,38,pmp98119,1010873208411709440,en,P Porter,AT&T Inc,@DesignationSix @FoxNews @IngrahamAngle @Applebees @BASF @Bayer @Cabelas @redlobster @Procter_NGamble @CapitalOne‚Ä¶ https://t.co/HBHDExNeeM,2018-06-24 13:12:08+00:00,0.0,1.0,0.0,2018-06-19
49,-0.0258,56,layoffsreport,1010531237734187009,en,LayoffsReport,Chesapeake Energy Corp,"Chesapeake Energy Corp. Layoffs: Employees, Managers and People discuss possible upcoming job cuts &amp; rumors: number‚Ä¶ https://t.co/UrTaAaKGhF",2018-06-23 14:33:16+00:00,0.114,0.777,0.109,2018-06-19
50,-0.4767,591,silewconsulting,1010281684032544769,en,silew,Verizon Communications Inc,"Verizon removes Bloomberg TV, refusing to pay carriage fees (Reuters) - Verizon Communications Inc https://t.co/5BtnqlDuAM @silewconsulting",2018-06-22 22:01:38+00:00,0.24,0.76,0.0,2018-06-19
51,0.1779,203,ziaaskari,1009779706038714368,en,Zia Askari,Verizon Communications Inc,"Verizon Verizon Enterprise Solutions Verizon Wireless #verizon 
Ribbon Communications #ribbon 
Sonya Cork Steven Br‚Ä¶ https://t.co/pVF5xvjQHY",2018-06-21 12:46:57+00:00,0.0,0.892,0.108,2018-06-19
52,-0.296,2081,veridiumid,1009507425999867909,en,Veridium,Verizon Communications Inc,"Verizon Communications Inc., AT&amp;T Inc. and Sprint Corp. will no longer sell customer‚Äôs location data to third-party‚Ä¶ https://t.co/uPrFN1smlQ",2018-06-20 18:45:00+00:00,0.115,0.885,0.0,2018-06-19
53,0.5106,91,socialagentcent,1009124539140276224,en,Social Agent Central,Verizon Communications Inc,Verizon to stop sharing phone-location data to third parties (Reuters) - Verizon Communications Inc has decided to‚Ä¶ https://t.co/hEf2QtYZOK,2018-06-19 17:23:33+00:00,0.101,0.645,0.253,2018-06-19
54,0.0,464,mobilecom,1008695096282214401,en,Mobile News,Verizon Communications Inc,Verizon Communications Inc. (VZ) Unveils New Unlimited Data Plan For Data-Hungry Users - https://t.co/z7eIy4Bt2t (b‚Ä¶ https://t.co/7vnSol6d9d,2018-06-18 12:57:06+00:00,0.0,1.0,0.0,2018-06-19
55,0.0,1,cristinascala3,1007800279566200832,en,Cristina,Verizon Communications Inc,"@realDonaldTrump General Electric, Chevron, UPS, Coca-Cola, Home Depot, Comcast, Sanofi, Ford, ConocoPhillips, Ener‚Ä¶ https://t.co/Cgmh1GCNPL",2018-06-16 01:41:25+00:00,0.0,1.0,0.0,2018-06-19
56,0.6956,47,billgau,1011009501917409282,en,Bill Gau,Ford Motor Company,"I would like to take this opportunity to remind the world that one week ago today, Porsche handed Ford Motor Compan‚Ä¶ https://t.co/03Czc96bjs",2018-06-24 22:13:43+00:00,0.0,0.768,0.232,2018-06-19
57,0.25,192,Suzi_TalentMgr,1011006081533956097,en,‚ÄãSuzanne Pappalardo,Ford Motor Company,Ford Motor Company Acquires Iconic Michigan Central Station; Will Outline Vision for New Corktown Campus on Tuesday‚Ä¶ https://t.co/ewxlUCntdl,2018-06-24 22:00:08+00:00,0.0,0.895,0.105,2018-06-19
58,0.25,192,Suzi_TalentMgr,1011006050412007424,en,‚ÄãSuzanne Pappalardo,Ford Motor Company,Ford Motor Company Acquires Iconic Michigan Central Station; Will Outline Vision for New Corktown Campus on Tuesday https://t.co/sHcfxom9pO,2018-06-24 22:00:00+00:00,0.0,0.895,0.105,2018-06-19
59,0.636,53,theautochannel1,1010969904143626240,en,bob gordon,Ford Motor Company,Ford Motor Company: Congratulations! It‚Äôs a Driver: https://t.co/iuZJ39FZud,2018-06-24 19:36:22+00:00,0.0,0.589,0.411,2018-06-19
60,0.5859,9,admdale,1010960754940497926,en,Dale R Dubia,Ford Motor Company,Nice that things from our past are getting a second chance. https://t.co/Eskvoyqaxe,2018-06-24 19:00:01+00:00,0.0,0.652,0.348,2018-06-19
61,0.3612,108,jessaffran,1010958787941937152,en,Spangles,Ford Motor Company,"@couiza @thecarolemalone What like workers from Nestle, Ford Motor Company, Landover Jaguar, Indesit, Dyson, Cadbur‚Ä¶ https://t.co/T8CXF6IWtO",2018-06-24 18:52:12+00:00,0.0,0.857,0.143,2018-06-19
62,0.0,15,eCE_Contenidos,1010945655370641410,en,eCE Contenidos,Ford Motor Company,"‚ÄúCuando todo parezca ir en tu contra, recuerda que el avi√≥n despega contra el viento‚Äù - Henry Ford, fundador de For‚Ä¶ https://t.co/f9KrxJvS8q",2018-06-24 18:00:01+00:00,0.0,1.0,0.0,2018-06-19
63,-0.2263,56,layoffsreport,1010913831478910976,en,LayoffsReport,Ford Motor Company,"Ford Motor Company Layoffs: Employees, Managers and People discuss possible upcoming job cuts &amp; rumors: number of e‚Ä¶ https://t.co/ymuxmG56rY",2018-06-24 15:53:33+00:00,0.107,0.829,0.063,2018-06-19
64,0.0,18,TerriGum,1010867868005814272,en,Terri Gum,Ford Motor Company,Hats off to Ford Motor Company for re-purposing an old gem! https://t.co/mnhn1wpX1I,2018-06-24 12:50:55+00:00,0.0,1.0,0.0,2018-06-19
65,0.0,56,Darren_B_Lane,1010866674759847937,en,Darren B. Lane,Ford Motor Company,"Since Michigan Central Station, recently purchased by Ford Motor Company, has been in the news a lot lately, I thou‚Ä¶ https://t.co/Wwgn2FI7mJ",2018-06-24 12:46:10+00:00,0.0,1.0,0.0,2018-06-19
66,0.0,92,NorthboundTrain,1010857960543739904,en,NorthboundTrain,Ford Motor Company,"@BenedictEvans @Scobleizer I heard Ford is changing its moniker from motor company to ""transportation company"". If‚Ä¶ https://t.co/m6hvLioCye",2018-06-24 12:11:33+00:00,0.0,1.0,0.0,2018-06-19
67,-0.4215,52,P_P_Pastures,1010851197379461120,en,Linda Watson,Ford Motor Company,"""It has been my observation that most people get ahead during the time that others waste time.""  -- Henry Ford, Ford Motor Company Founder",2018-06-24 11:44:40+00:00,0.109,0.891,0.0,2018-06-19
68,0.0,974,comtrucksuccess,1010832658908241920,en,Comm Truck Success,Ford Motor Company,Ford Motor Company Earns Its Best-Ever Score in 2018 J.D. Power Initial Quality Study; Five Nameplates Receive High‚Ä¶ https://t.co/B6kxnuhqBj,2018-06-24 10:31:00+00:00,0.0,1.0,0.0,2018-06-19
69,0.0,1244,terryminion,1010832645662629889,en,Terry Minion,Ford Motor Company,Ford Motor Company Earns Its Best-Ever Score in 2018 J.D. Power Initial Quality Study; Five Nameplates Receive High‚Ä¶ https://t.co/s40nb69qE3,2018-06-24 10:30:57+00:00,0.0,1.0,0.0,2018-06-19
70,0.0,974,comtrucksuccess,1010832514955599872,en,Comm Truck Success,Ford Motor Company,Ford Motor Company Earns Its Best-Ever Score in 2018 J.D. Power Initial Quality Study; Five‚Ä¶ https://t.co/uRH8sETwo3,2018-06-24 10:30:26+00:00,0.0,1.0,0.0,2018-06-19
71,0.0,314,FreemasonsR,1010794805209845760,en,Freemasons Revealed,Ford Motor Company,"Famous Freemasons
Henry Ford
 
Henry Ford was an American industrialist, the founder of the Ford Motor Company, and‚Ä¶ https://t.co/2y7FyqwDM5",2018-06-24 08:00:35+00:00,0.0,1.0,0.0,2018-06-19
72,0.4278,17,jjlasne,1010773135396704257,en,jjlasne,Ford Motor Company,@TheEconomist Ford Motor Company is a has-been company ; the Ford GT was mostly designed in England and Germany.,2018-06-24 06:34:29+00:00,0.0,0.85,0.15,2018-06-19
73,0.6249,45,fitmind1,1010756958083862529,en,Independent Voice (Unbiased & Objective),Ford Motor Company,"Another reason diversity is great for America. Damyanti Gupta, the first female engineer at Ford Motor Company in 1‚Ä¶ https://t.co/XnD4MWRNK2",2018-06-24 05:30:12+00:00,0.0,0.823,0.177,2018-06-19
74,0.826,85,djmoonbootsplur,1010701697365274624,en,DJ Moon Boots,Ford Motor Company,Today in 1903 The Ford Motor Company sells its first car and they've been breaking down ever since. Come out to cheers and celebrate!!!,2018-06-24 01:50:37+00:00,0.0,0.741,0.259,2018-06-19
75,0.826,14,pixel_e,1010701633985175553,en,pixel_e,Ford Motor Company,Today in 1903 The Ford Motor Company sells its first car and they've been breaking down ever since. Come out to cheers and celebrate!!!,2018-06-24 01:50:22+00:00,0.0,0.741,0.259,2018-06-19
76,0.6467,103,JaneKutney,1010678058934767617,en,jk #freetommy,Ford Motor Company,Sorry ladies - but Detroit is changing!  You should have seen it under Kwame's Kontrol!  Hope you get to come back‚Ä¶ https://t.co/uISe8GkKVG,2018-06-24 00:16:41+00:00,0.047,0.773,0.18,2018-06-19
77,0.3818,102,davemahler,1010667073268338688,en,David J. Mahler,Ford Motor Company,Looking for a good contact at ford motor company.  My friend is experiencing some horrible service on her Expeditio‚Ä¶ https://t.co/z3fDS5AL6m,2018-06-23 23:33:02+00:00,0.137,0.625,0.238,2018-06-19
78,0.0,117,ellec_uk,1010660306132008961,en,Ellec,Ford Motor Company,Ford :Motor company: Nazi collaborates https://t.co/OQatoY9YNB  $TSLA,2018-06-23 23:06:08+00:00,0.0,1.0,0.0,2018-06-19
79,0.0,0,MICHAELARUTT,1010601806345449472,en,Michael Rutt,Ford Motor Company,"Is it me or I do not remember. I thought Jim was the same age as me one time on the web.

Jim Hackett
President and‚Ä¶ https://t.co/CGMoFnAAyA",2018-06-23 19:13:41+00:00,0.0,1.0,0.0,2018-06-19
80,0.0,78,BiggaryJ,1010583640424763394,en,Gary Jackson,Ford Motor Company,@Ford @HISTORY Just wrote the BBB about Ford and @TriCountyFordTX Ford can‚Äôt keep letting this crooked owner to scr‚Ä¶ https://t.co/4EGmcsMNp7,2018-06-23 18:01:30+00:00,0.0,1.0,0.0,2018-06-19
81,0.0,13,mawal_alka,1010557451387752448,en,Peace & Unity,Ford Motor Company,Damyanti Gupta is the first degreed female engineer at Ford Motor Company #SheIsTheFirst https://t.co/8Q6BbnDuGr,2018-06-23 16:17:26+00:00,0.0,1.0,0.0,2018-06-19
82,0.0,280,AltFuelPartners,1010545693021401094,en,Alt Fuel Partners,Ford Motor Company,Ford Motor Company Earns Its Best-Ever Score in 2018 J.D. Power Initial Quality Study; Five Nameplates Receive High‚Ä¶ https://t.co/rrl8lJwsad,2018-06-23 15:30:42+00:00,0.0,1.0,0.0,2018-06-19
83,0.0,872,HarborTruck,1010545682833399810,en,Harbor Truck & Van,Ford Motor Company,Ford Motor Company Earns Its Best-Ever Score in 2018 J.D. Power Initial Quality Study; Five Nameplates Receive High‚Ä¶ https://t.co/jPWx5vklAd,2018-06-23 15:30:40+00:00,0.0,1.0,0.0,2018-06-19
84,0.0,10,STARQBH,1010538244113686530,en,Star: Iluminaci√≥n Automotriz,Ford Motor Company,"Henry Ford, fundador de la compa√±√≠a Ford Motor Company y precursor en cadenas de producci√≥n modernas utilizadas par‚Ä¶ https://t.co/AuXSPr1s0E",2018-06-23 15:01:06+00:00,0.0,1.0,0.0,2018-06-19
85,-0.4019,108,jessaffran,1010531464352600070,en,Spangles,Ford Motor Company,"@Jacob_Rees_Mogg Jacob I have problem paying my council tax each month and mortgage ever since 2013, when Ford Moto‚Ä¶ https://t.co/f5Ycsh8Zx1",2018-06-23 14:34:10+00:00,0.13,0.87,0.0,2018-06-19
86,-0.296,131,Chirparrooo,1010969846241218560,en,T. Rodgers,Kroger Company,@riteaid @cvspharmacy @meijer @kroger What is your company's policy if one of your pharmacists wants to refuse to f‚Ä¶ https://t.co/aYNh1fvdqo,2018-06-24 19:36:08+00:00,0.104,0.896,0.0,2018-06-19
87,0.3182,55,JamiesonSmith2,1010927298663583744,en,Jamieson Smith,Kroger Company,UK's Ocado has mastered automated fresh food delivery and Kroger quickly took the lead in the US by hiring them. An‚Ä¶ https://t.co/aBUmBcny5b,2018-06-24 16:47:04+00:00,0.0,0.901,0.099,2018-06-19
88,0.0,261,AArete,1010916746524528640,en,AArete,Kroger Company,"Kroger, the largest US supermarket chain, reported better-than-expected earnings last week. The company's digital s‚Ä¶ https://t.co/PgrdYfS3CR",2018-06-24 16:05:08+00:00,0.0,1.0,0.0,2018-06-19
89,0.0,196,courtschmidt83,1010841107775836162,en,Courtney Schmidt,Kroger Company,"Kroger paid too much for meal kit company Home Chef, analysts say - MarketWatch https://t.co/tRjjYPVvKA",2018-06-24 11:04:35+00:00,0.0,1.0,0.0,2018-06-19
90,-0.0516,22,GreatBigSeaFan2,1010657658511216642,en,Kim Canada,Kroger Company,Kroger Is Screwing There Hard Working Employee's Out Of A Well Deserved Severance Package. I Have Been With That Co‚Ä¶ https://t.co/jvxfPbVtQX,2018-06-23 22:55:37+00:00,0.154,0.748,0.098,2018-06-19
91,0.0,32,MergerNewsApp,1010629657241276417,en,Merger News,Kroger Company,Kroger finalizes merger with Home Chef meal delivery company https://t.co/6cRzMLPn6u,2018-06-23 21:04:21+00:00,0.0,1.0,0.0,2018-06-19
92,0.0,1206,WGarbeWHIO,1010626977634701312,en,Will Garbe,Kroger Company,Kroger finalizes merger with Home Chef meal delivery company https://t.co/zUniulWi9v,2018-06-23 20:53:42+00:00,0.0,1.0,0.0,2018-06-19
93,0.4588,1531,LuisVSanchez777,1010205766891040771,en,Luis V. Sanchez,Pandora Media Inc,"""Greg Maffei, Liberty‚Äôs chief executive officer, has repeatedly expressed interest in a deal for parts of iHeart an‚Ä¶ https://t.co/nmkjwWmbKU",2018-06-22 16:59:58+00:00,0.0,0.85,0.15,2018-06-19
94,0.0,1564,fignotes,1009617902285279234,en,Fignotes,Pandora Media Inc,"How #Pandora Media, Inc. Stock Rose 28.7% Last Month @themotleyfool #stocks $P https://t.co/WsN5yvcPr6",2018-06-21 02:04:00+00:00,0.0,1.0,0.0,2018-06-19
95,0.0,66,CarolNe42049678,1009579184488927236,en,Carol Nelson,Pandora Media Inc,Snap Inc (NYSE:SNAP) Collaborates With Pandora Media Inc (NYSE:P) To Launch A Music Streaming Partner‚Ä¶ https://t.co/wS4aHKWzfb,2018-06-20 23:30:09+00:00,0.0,1.0,0.0,2018-06-19
96,0.3691,636,uxqonita,1011042484598657024,en,ux by qonita,Twitter Inc,"According to @Gartner_inc #delight doesn't necessarily increase customer loyalty, and increases operation costs by‚Ä¶ https://t.co/R1y5oCiI90",2018-06-25 00:24:47+00:00,0.106,0.704,0.19,2018-06-19
97,0.5229,159,ShipAG,1011042478697472001,en,American Group,Twitter Inc,"We made it to White Sulphur Springs...250 Miles From D.C. Hello, @SMC3_Inc ! We‚Äôre ready for #CX2018 !! https://t.co/KTnwRZRfQS",2018-06-25 00:24:45+00:00,0.0,0.834,0.166,2018-06-19
98,0.0,457,angelopalacios,1011042323260682241,en,Ec. Angelo Palacios,Twitter Inc,#familyoffice #familyvalues https://t.co/Sr7BzMKSjC,2018-06-25 00:24:08+00:00,0.0,1.0,0.0,2018-06-19
99,0.7096,1780,CristinaDajero,1011042123355951104,en,Cristina C. Dajero,Twitter Inc,"‚ÄúIn everything you are doing, make the human choice.‚Äù

‚ÄúChoose to care, to help, to ask. . .‚Äù

It‚Äôs all about the c‚Ä¶ https://t.co/Ja7g6wfSPX",2018-06-25 00:23:21+00:00,0.0,0.781,0.219,2018-06-19
100,0.7959,84,upstairsbx,1011042070612439040,en,Upstairs Incubator,Twitter Inc,Some great reads we‚Äôll definitely have to add to our #startup library Upstairs! https://t.co/rTOU8KlEaT,2018-06-25 00:23:08+00:00,0.0,0.629,0.371,2018-06-19
101,0.0,159,ShipAG,1011041966463778817,en,American Group,Twitter Inc,Quick sightseeing detour in D.C. before heading over to The Greenbrier for #CX2018 !!@SMC3_Inc https://t.co/PsTSPBYFig,2018-06-25 00:22:43+00:00,0.0,1.0,0.0,2018-06-19
102,0.5754,61,orangevixen,1011041921026920449,en,ùìºùì±ùì™ùìªùì≤ üçí #TeamAquaria,Twitter Inc,"‚ÄûTwitter, Inc: HELP BIBLEGIRL BE VERIFIED ON TWITTER‚Äù - Jetzt unterschreiben! https://t.co/GFThzqBnuX via @ChangeGER",2018-06-25 00:22:32+00:00,0.0,0.763,0.237,2018-06-19
103,0.0,345,SeemaBhawani,1011041728974000129,en,Seemabhardwaj,Twitter Inc,‡§™‡§Ç‡§ö‡§ï‡•Ç‡§≤‡§æ ‡§ú‡§®‡§™‡§¶ ‡§Æ‡•á #‡§ï‡§æ‡§Ç‡§ó‡•ç‡§∞‡•á‡§∏_‡§ò‡§∞_‡§ò‡§∞_‡§Ö‡§≠‡§ø‡§Ø‡§æ‡§® ‡§ï‡•á ‡§Ö‡§®‡•ç‡§§‡§∞‡•ç‡§ó‡§§ ‡§π‡§Æ‡§®‡•á ‡§≤‡•ã‡§ó‡•ã ‡§ï‡•ã ‡§ï‡§æ‡§Ç‡§ó‡•ç‡§∞‡•á‡§∏ ‡§ï‡•Ä ‡§®‡•Ä‡§§‡§ø‡§Ø‡•ã‡§Ç ‡§ï‡•á ‡§¨‡§æ‡§∞‡•á ‡§Æ‡•á‡§Ç ‡§¨‡§§‡§æ‡§Ø‡§æ ‡§µ ‡§Æ‡•ã‡§¶‡•Ä ‡§∏‡§∞‡§ï‡§æ‡§∞‚Ä¶ https://t.co/BiiDpKzBZV,2018-06-25 00:21:47+00:00,0.0,1.0,0.0,2018-06-19
104,0.0,28,jeralynpasinabo,1011041582420656128,en,Jeralyn Pasinabo,Twitter Inc,The 1 Part of Southwest Airlines¬†Service That¬†Simply Doesn't Work https://t.co/2ZInhSveYo https://t.co/zirj8XcCVZ,2018-06-25 00:21:12+00:00,0.0,1.0,0.0,2018-06-19
105,0.0,28,irstaxcpa,1011041544806195200,en,"Gary Hulett CPA,MBA",Twitter Inc,The 1 Part of Southwest Airlines¬†Service That¬†Simply Doesn't Work https://t.co/sbAWoZOfLD https://t.co/3XQSpMKPsk,2018-06-25 00:21:03+00:00,0.0,1.0,0.0,2018-06-19
106,0.7096,1,CYN_Solutions,1011041532105797632,en,Cloud Network,Twitter Inc,Provide the best communication system for your business with Cloud Your Network Solutions Inc.'s VoIp Calling servi‚Ä¶ https://t.co/80mdaExJbX,2018-06-25 00:21:00+00:00,0.0,0.731,0.269,2018-06-19
107,0.0,987,_BruceSinclair,1011041307400331267,en,Bruce Sinclair,Twitter Inc,Listen to the #IoT business podcast - AI &amp; IoT - A Marriage Made in Data  https://t.co/ZhTElyHPVV  with Dr. Anand R‚Ä¶ https://t.co/J4ad9YirV2,2018-06-25 00:20:06+00:00,0.0,1.0,0.0,2018-06-19
108,0.8883,293,stefanie_coburn,1011041003430502400,en,Stefanie Coburn,Twitter Inc,"Amazing day @RaceSonoma w/great friends, partners &amp; customers cheering on @BubbaWallace @ @RPMotorsports! @wwt_inc‚Ä¶ https://t.co/QhKnnSJw1a",2018-06-25 00:18:54+00:00,0.0,0.512,0.488,2018-06-19
109,0.0,11,Thetravelernoel,1010267540868739075,en,Noel Zacar,Oracle Corp,"Oracle Corp (ORCL) price at close, 2018-06-22, is 44.125.",2018-06-22 21:05:26+00:00,0.0,1.0,0.0,2018-06-19
110,0.0,4,du1984,1010267240699256832,en,Pongeilu,Oracle Corp,"Oracle Corp (ORCL) price at close, 2018-06-22, is 44.125.",2018-06-22 21:04:14+00:00,0.0,1.0,0.0,2018-06-19
111,0.7351,63,Cybernoor_Corp,1010191473872998400,en,Cybernoor Corporation,Oracle Corp,Congrats Caesars Entertainment for going live on Oracle HCM #Cloud https://t.co/nKDLdCn5vf,2018-06-22 16:03:10+00:00,0.0,0.592,0.408,2018-06-19
112,-0.508,465,UpInHollywood1,1010190574387777537,en,UpInHollywood,Oracle Corp,@MichaelAvenatti ‚ÄúPeople/Strategic Operations Planning‚Äù Problem!  Where‚Äôs Corp. America?!  Billionaires Busy Counti‚Ä¶ https://t.co/BKplZ2uWxS,2018-06-22 15:59:36+00:00,0.23,0.77,0.0,2018-06-19
113,0.0,11,Thetravelernoel,1009905148620132352,en,Noel Zacar,Oracle Corp,"Oracle Corp (ORCL) price at close, 2018-06-21, is 43.24.",2018-06-21 21:05:25+00:00,0.0,1.0,0.0,2018-06-19
114,0.0,4,du1984,1009904830796713985,en,Pongeilu,Oracle Corp,"Oracle Corp (ORCL) price at close, 2018-06-21, is 43.24.",2018-06-21 21:04:09+00:00,0.0,1.0,0.0,2018-06-19
115,0.0,86,CDesi_corp,1009885069413142530,en,Chad Desilets,Oracle Corp,Watch @chhandomay explains why @DellEMC PowerMax is the array of choice for your Oracle workloads‚Ä¶ https://t.co/SHdBJe5fe4,2018-06-21 19:45:37+00:00,0.0,1.0,0.0,2018-06-19
116,-0.4767,20,equigorithmics,1009600316654972929,en,Equigorithmics,Oracle Corp,"Here's What's Wrong With Oracle Corp. Today

üì∞ ¬ª https://t.co/DUVxYCOSQh https://t.co/ozsNLFh7uV",2018-06-21 00:54:07+00:00,0.279,0.721,0.0,2018-06-19
117,0.5423,61,blueberrytwt,1009552345468940289,en,Mohsen Parvaresh,Oracle Corp,"Value Creation Indicator

Company: Oracle Corp¬†(ORCL:NYSE)

üëâ Oracle's return on invested capital, 9.93%.
üëà Oracle'‚Ä¶ https://t.co/ZTKSIqHcan",2018-06-20 21:43:30+00:00,0.0,0.743,0.257,2018-06-19
118,0.0,11,Thetravelernoel,1009542704869658625,en,Noel Zacar,Oracle Corp,"Oracle Corp (ORCL) price at close, 2018-06-20, is 43.245.",2018-06-20 21:05:11+00:00,0.0,1.0,0.0,2018-06-19
119,0.0,4,du1984,1009542457439158273,en,Pongeilu,Oracle Corp,"Oracle Corp (ORCL) price at close, 2018-06-20, is 43.245.",2018-06-20 21:04:12+00:00,0.0,1.0,0.0,2018-06-19
120,0.1779,389,JuanRL660,1009209690264424449,en,Juan Robin II,Oracle Corp,"(Reuters) - Oracle Corp‚Äôs (ORCL.N) forecast for current-quarter profit missed analysts‚Äô expectations on Tuesday, hu‚Ä¶ https://t.co/UUMopTyeLl",2018-06-19 23:01:55+00:00,0.122,0.718,0.16,2018-06-19
121,0.4939,2383,taotetek,1009202918514278401,en,taotetek,Oracle Corp,"""The cloud agreement gives Microsoft more power to make its case to the Pentagon as goes up against competitors lik‚Ä¶ https://t.co/SyT3pYHsRn",2018-06-19 22:35:00+00:00,0.0,0.862,0.138,2018-06-19
122,0.0,676,CreditRiskMon,1010513073994682368,en,CreditRiskMonitor,Denbury Resources,CreditRiskMonitor‚Äôs High Risk Reports tap deep into the well to dredge up unseen factors which may lead to‚Ä¶ https://t.co/WmFQK1L8lK,2018-06-23 13:21:05+00:00,0.099,0.802,0.099,2018-06-19
123,0.0,2079,FlorenceAnder88,1010266603433447424,en,Florence Anderson,Denbury Resources,"Denbury Resources Inc (DNR) price at close, 2018-06-22, is 4.72. #followback",2018-06-22 21:01:42+00:00,0.0,1.0,0.0,2018-06-19
124,0.0,2079,FlorenceAnder88,1009904172353847297,en,Florence Anderson,Denbury Resources,"Denbury Resources Inc (DNR) price at close, 2018-06-21, is 4.31. #followback",2018-06-21 21:01:32+00:00,0.0,1.0,0.0,2018-06-19
125,0.0,2079,FlorenceAnder88,1009541839261782016,en,Florence Anderson,Denbury Resources,"Denbury Resources Inc (DNR) price at close, 2018-06-20, is 4.56. #followback",2018-06-20 21:01:45+00:00,0.0,1.0,0.0,2018-06-19
126,0.0,1154,JayApted,1009526188409348096,en,Jay Apted,Denbury Resources,"Denbury Resources Sanctions Cedar Creek Anticline CO2 EOR Development 
$DNR
https://t.co/Gz9iJGdj2z via @YahooFinance",2018-06-20 19:59:34+00:00,0.0,1.0,0.0,2018-06-19
127,0.0,2079,FlorenceAnder88,1009179983967899653,en,Florence Anderson,Denbury Resources,"Denbury Resources Inc (DNR) price at close, 2018-06-19, is 4.11. #followback",2018-06-19 21:03:52+00:00,0.0,1.0,0.0,2018-06-19
128,0.0,2079,FlorenceAnder88,1008817540011905024,en,Florence Anderson,Denbury Resources,"Denbury Resources Inc (DNR) price at close, 2018-06-18, is 4.02. #followback",2018-06-18 21:03:39+00:00,0.0,1.0,0.0,2018-06-19
129,0.0,2079,FlorenceAnder88,1007730595424858113,en,Florence Anderson,Denbury Resources,"Denbury Resources Inc (DNR) price at close, 2018-06-15, is 3.935. #followback",2018-06-15 21:04:31+00:00,0.0,1.0,0.0,2018-06-19
130,0.0,98,brooms_jae,1011039557851189248,en,LGLuvaGurl‚ù§,Pfizer Inc,@DesignationSix @GinnieManson @FoxNews @IngrahamAngle @Applebees @BASF @Bayer @Cabelas @redlobster @Procter_NGamble‚Ä¶ https://t.co/jvVXONkv6H,2018-06-25 00:13:09+00:00,0.0,1.0,0.0,2018-06-19
131,0.0,686,nomorel91718459,1011037182033686529,en,@nomorelies,Pfizer Inc,@DesignationSix @nativepuma @FoxNews @IngrahamAngle @Applebees @BASF @Bayer @Cabelas @redlobster @Procter_NGamble‚Ä¶ https://t.co/bL8iDGYgPF,2018-06-25 00:03:43+00:00,0.0,1.0,0.0,2018-06-19
132,0.0,36,gomez2540,1011034146561544192,en,Linda Gomez,Pfizer Inc,@DesignationSix @IronSharky @FoxNews @IngrahamAngle @Applebees @BASF @Bayer @Cabelas @redlobster @Procter_NGamble‚Ä¶ https://t.co/97DPOqAApp,2018-06-24 23:51:39+00:00,0.0,1.0,0.0,2018-06-19
133,0.6486,594,yourlocalbizAU,1011013745403817986,en,yourlocalbiz.com.au,Vale S.A.,"Located in Ascot Vale, Melbourne, Tickity Boo is a safe and fun-filled Kid‚Äôs Play Centre. Tickity Boo Pty Ltd - Eve‚Ä¶ https://t.co/mmHkjxbk7g",2018-06-24 22:30:35+00:00,0.0,0.773,0.227,2018-06-19
134,0.6486,4,fleetfootfruit,1011000690657751040,en,Peach üçë,Vale S.A.,Hi welcome to Vale theory the show where we answer all of my pointless questions today‚Äôs episode is a fan favorite‚Ä¶ https://t.co/P1wSWNJO3T,2018-06-24 21:38:42+00:00,0.0,0.782,0.218,2018-06-19
135,0.0,32,CorporateVerbs,1009616868124971008,en,Corporation & Verb,J.C. Penney Company Inc,"J.C. Penney Company, Inc. &amp; found? What...",2018-06-21 01:59:53+00:00,0.0,1.0,0.0,2018-06-19
136,0.25,55,RudyBenally,1011011422321442818,en,Rudy Benally‚Ñ¢,Wells Fargo & Company,@5cdeb68df72048c @Bitahnii @johnnyblazekxtc Wells Fargo the bank that finance the car to me. They stated that I was‚Ä¶ https://t.co/cHYsqrtyGg,2018-06-24 22:21:21+00:00,0.0,0.895,0.105,2018-06-19
137,0.4939,485,tmj_sat_it,1010874893557063681,en,TMJ - SAT IT Jobs,Wells Fargo & Company,"Looking to join Wells Fargo (@JackieCareerArc), Parsons Corporation (@ParsonsJobs), or Sun Loan Company (‚Ä¶ https://t.co/rzrhkWD4VT",2018-06-24 13:18:50+00:00,0.0,0.756,0.244,2018-06-19
138,0.25,363,tmj_ctm_mgmt,1010860202348904448,en,TMJ-CTM Mgmt. Jobs,Wells Fargo & Company,"Check out the 23 latest openings at Starbucks, Wells Fargo (@JackieCareerArc), 84 Lumber Company (@84LumberCareers)‚Ä¶ https://t.co/VBsaqjj6Yv",2018-06-24 12:20:27+00:00,0.0,0.882,0.118,2018-06-19
139,0.25,293,JoeLandin,1010773054107078658,en,JOE LANDIN,Wells Fargo & Company,"Randall Stephenson and John Stephens provide update on Time Warner acquisition, company expectations at Wells Fargo‚Ä¶ https://t.co/nBKcsZplQS",2018-06-24 06:34:10+00:00,0.0,0.889,0.111,2018-06-19
140,-0.0258,157,OhSoWiKiD,1010744257773174784,en,BNE1,Wells Fargo & Company,"I added a video to a @YouTube playlist https://t.co/UFc94MbFOd Dead &amp; Company - Wells Fargo Center - ""Here Comes Sunshine"" - 11/5/15 -",2018-06-24 04:39:44+00:00,0.191,0.578,0.231,2018-06-19
141,0.3802,633,tmj_sfo_finance,1010676930499117056,en,SF Finance Jobs,Wells Fargo & Company,We're #hiring! Read about our latest #job opening here: Senior Company Counsel - Fair Lending -‚Ä¶ https://t.co/LXFRF0r8JW,2018-06-24 00:12:12+00:00,0.0,0.853,0.147,2018-06-19
142,-0.0772,7,rbdickbloom,1010631509957541888,en,Richard B. Bloom,Wells Fargo & Company,"Boycott Wells Fargo and Company. Its corporate headquarters on Montgomery Street in San Francisco,  CA, is Adolf Hitler's birthday.",2018-06-23 21:11:43+00:00,0.108,0.798,0.094,2018-06-19
143,0.5859,498,tmj_dc_finance,1010593372489199616,en,Wash DC Finance Jobs,Wells Fargo & Company,Can you recommend anyone for this #job? Senior Company Counsel - Fair Lending - https://t.co/ZhRz3C2gBG #Finance‚Ä¶ https://t.co/Lz0GCUWwrx,2018-06-23 18:40:10+00:00,0.0,0.73,0.27,2018-06-19
144,0.836,267,tmj_MN_finance,1010579402428575745,en,Minnesota Finance,Wells Fargo & Company,This #job might be a great fit for you: Senior Company Counsel - Fair Lending - https://t.co/QfTIpJnMF5 #Finance‚Ä¶ https://t.co/RqRZiFW3ju,2018-06-23 17:44:39+00:00,0.0,0.594,0.406,2018-06-19
145,0.25,95,jhartteod,1010568518998396928,en,John Hartt,Wells Fargo & Company,@WellsFargo I thought Wells Fargo was an American company.,2018-06-23 17:01:25+00:00,0.0,0.778,0.222,2018-06-19
146,0.7783,596,connerwilliamsx,1010556537582936066,en,Conner Williams,Wells Fargo & Company,@WellsFargo Your company is definitely making an effort to change. I respect that. Wells Fargo is probably the safe‚Ä¶ https://t.co/6fZFQjuaKF,2018-06-23 16:13:48+00:00,0.0,0.672,0.328,2018-06-19
147,-0.2732,97,j_tennant,1010550706640769025,en,John Tennant,Wells Fargo & Company,@landondonovan @WellsFargo @miseleccionmxEN Wells Fargo is a terrible company. Anybody associated with them after a‚Ä¶ https://t.co/26MVsagtXT,2018-06-23 15:50:38+00:00,0.171,0.718,0.11,2018-06-19
148,0.25,277,tmj_roa_mgmt,1010497742571880449,en,TMJ-ROA Mgmt. Jobs,Wells Fargo & Company,"We have 21 #jobs open today at Wells Fargo (@JackieCareerArc), 84 Lumber Company (@84LumberCareers), BH Media Group‚Ä¶ https://t.co/e94aRr7XJH",2018-06-23 12:20:10+00:00,0.0,0.895,0.105,2018-06-19
149,0.25,21,Captain_SNAFU,1010493401664507910,en,Albert Nungaray,Wells Fargo & Company,"Wells Fargo did the same thing to my parents, also a military family. I don't know if they are the company did this‚Ä¶ https://t.co/EoorVyGA6W",2018-06-23 12:02:55+00:00,0.0,0.913,0.087,2018-06-19
150,0.7184,10,2coolstone,1010356990915371008,en,Tony Longcoy,Wells Fargo & Company,"@realDonaldTrump  Mr. Trump, Please Help my family with the Corrupt mortgage company Wells Fargo-there having there‚Ä¶ https://t.co/cHVjXFdX44",2018-06-23 03:00:52+00:00,0.0,0.667,0.333,2018-06-19
151,0.0,49,Plasticman84,1010309485708050433,en,sheep_dog,Wells Fargo & Company,"@WellsFargo says that they have revamped their customer service, but yet Mary (U134003) yelled at us for trying to‚Ä¶ https://t.co/frJRVyHu7F",2018-06-22 23:52:06+00:00,0.0,1.0,0.0,2018-06-19
152,0.2732,885,Bottom44,1010231429580537856,en,Steve Bottom,Wells Fargo & Company,@Ask_WellsFargo Being moved from Wells Fargo Payroll to another company without a say in the matter.,2018-06-22 18:41:56+00:00,0.0,0.807,0.193,2018-06-19
153,0.4939,287,tmj_ky_mgmt,1010146695210938368,en,TMJ-KY Mgmt. Jobs,Wells Fargo & Company,"Looking to join Wells Fargo (@JackieCareerArc), 84 Lumber Company (@84LumberCareers), or Dollar General Corporation‚Ä¶ https://t.co/ztErMsqwVo",2018-06-22 13:05:14+00:00,0.0,0.756,0.244,2018-06-19
154,-0.6408,609,OPSoftwareLLC,1010144134458433536,en,Rick Marlette,Wells Fargo & Company,I gotta get me some of that FRAUD. That‚Äôs EXACTLY what I want my company associated with. Where do I sign up? https://t.co/nsMBXdQwSN,2018-06-22 12:55:03+00:00,0.19,0.755,0.055,2018-06-19
155,0.4939,129,MarcBeshany_WFA,1010132744763043842,en,Marc Beshany,Wells Fargo & Company,"When you join Wells Fargo Advisors as a Financial Advisor, you are joining a company that has made diversity and in‚Ä¶ https://t.co/01dXEFYFjr",2018-06-22 12:09:48+00:00,0.0,0.811,0.189,2018-06-19
156,0.0,307,edmunmz,1010266538828496902,en,Edmund Morin,Petroleo Brasileiro S.A. Petrobras,"Petr√≥leo Brasileiro S.A. - Petrobras (PBR) price at close, 2018-06-22, is 9.47.",2018-06-22 21:01:27+00:00,0.0,1.0,0.0,2018-06-19
157,0.0,307,edmunmz,1009904254755237889,en,Edmund Morin,Petroleo Brasileiro S.A. Petrobras,"Petr√≥leo Brasileiro S.A. - Petrobras (PBR) price at close, 2018-06-21, is 9.465.",2018-06-21 21:01:52+00:00,0.0,1.0,0.0,2018-06-19
158,0.0,307,edmunmz,1009541895092043777,en,Edmund Morin,Petroleo Brasileiro S.A. Petrobras,"Petr√≥leo Brasileiro S.A. - Petrobras (PBR) price at close, 2018-06-20, is 9.88.",2018-06-20 21:01:58+00:00,0.0,1.0,0.0,2018-06-19
159,0.0,307,edmunmz,1009179926988247041,en,Edmund Morin,Petroleo Brasileiro S.A. Petrobras,"Petr√≥leo Brasileiro S.A. - Petrobras (PBR) price at close, 2018-06-19, is 9.6806.",2018-06-19 21:03:38+00:00,0.0,1.0,0.0,2018-06-19
160,0.0,307,edmunmz,1008817547007922176,en,Edmund Morin,Petroleo Brasileiro S.A. Petrobras,"Petr√≥leo Brasileiro S.A. - Petrobras (PBR) price at close, 2018-06-18, is 9.32.",2018-06-18 21:03:40+00:00,0.0,1.0,0.0,2018-06-19
161,0.0,307,edmunmz,1007730326246969345,en,Edmund Morin,Petroleo Brasileiro S.A. Petrobras,"Petr√≥leo Brasileiro S.A. - Petrobras (PBR) price at close, 2018-06-15, is 9.335.",2018-06-15 21:03:27+00:00,0.0,1.0,0.0,2018-06-19
162,0.0,720,dpatureba,1009547835556139018,en,Dan,Ambev S.A.,Drinking a Caracu by AmBev - https://t.co/uTlTqUYkE6 #photo,2018-06-20 21:25:35+00:00,0.0,1.0,0.0,2018-06-19
163,0.0,258,birdgate,1009253155673133056,en,Helen Burbage,Ambev S.A.,Raiding the minibar after a LONG day of work... - Drinking a Brahma (4.8%) by AmBev @ Hotel Paulista Wall Street  ‚Äî https://t.co/PMWiVvl6dv,2018-06-20 01:54:37+00:00,0.0,1.0,0.0,2018-06-19
164,0.5267,223,raman_subbu,1008827658153746433,en,Subbu Raman,Ambev S.A.,Enjoying a beer after England‚Äôs victory even though was gutted that Brazil drew. Never mind - Drinking a Brahma (4.‚Ä¶ https://t.co/QF4VCtREsC,2018-06-18 21:43:51+00:00,0.0,0.833,0.167,2018-06-19
165,0.0,128,rikalus_,1007695398939570177,en,Rikalus,Ambev S.A.,Drinking a Brahma (4.3%) by AmBev - https://t.co/ImVjjKBLPF,2018-06-15 18:44:39+00:00,0.0,1.0,0.0,2018-06-19
166,0.0,4,usindexlive,1009130623913488384,en,US Index Live,Sterling Bancorp,Citigroup: Sterling Bancorp $//usindexlive.com/2018/06/19/citigroup-sterling-bancorp-stl-has-27-0-target-has-new-rating/,2018-06-19 17:47:44+00:00,0.0,1.0,0.0,2018-06-19
167,0.0,3,Fanob_stock,1009129646800031744,en,The Fanob,Sterling Bancorp,Citigroup: Sterling Bancorp $//fanob.com/2018/06/19/citigroup-sterling-bancorp-stl-has-27-0-target-has-new-rating/,2018-06-19 17:43:51+00:00,0.0,1.0,0.0,2018-06-19
168,0.0,9,Figures_ME,1008677030085496832,en,Figures,Freeport-Mcmoran Inc,"Richard Adkerson is the current president, CEO and vice chairman of Freeport-McMoRan Copper &amp; Gold Inc. with an est‚Ä¶ https://t.co/EBoz1JcqeN",2018-06-18 11:45:18+00:00,0.0,1.0,0.0,2018-06-19
169,0.0,5,MilliennialHead,1008599919861620737,en,Today's Headlines,Freeport-Mcmoran Inc,How Millennials Alienated Freeport-McMoRan Copper &amp; Gold Inc.,2018-06-18 06:38:54+00:00,0.0,1.0,0.0,2018-06-19
170,0.0,19,jgio901,1010720791657410562,en,John Giovenco,JP Morgan Chase & Co,"@realDonaldTrump 1 - WALMART.
2- CITIGROUP, owners of BANAMEX (National Mexican Bank)
3- Apple.
4- General Electric‚Ä¶ https://t.co/lvkI4WB159",2018-06-24 03:06:29+00:00,0.0,1.0,0.0,2018-06-19
171,0.0,2043,EchelonFG,1010157980594077702,en,"Adam Flagg, CFP¬Æ AIF",JP Morgan Chase & Co,23% of households headed by individuals at least age 75 will experience an ‚Äúextraordinary‚Äù out-of-pocket medical ex‚Ä¶ https://t.co/pBDfFZw2Ib,2018-06-22 13:50:05+00:00,0.0,1.0,0.0,2018-06-19
172,-0.296,15,Fur_Queue,1009646426903769088,en,Fur Queue,JP Morgan Chase & Co,"@DouglasKMurray :-/ just *how* much money does this organisation have that it can swallow this bill? 

I wonder who‚Ä¶ https://t.co/dzaIBlnAPG",2018-06-21 03:57:21+00:00,0.109,0.891,0.0,2018-06-19
173,0.2732,212,phillipkknight,1009617888448090112,en,Phillip Knight,JP Morgan Chase & Co,"A nearly 8 year old article by the Dr. that Warren Buffet, Jamie Dimon, and Jeff Bezos just tapped to create their‚Ä¶ https://t.co/CHS5YQgusZ",2018-06-21 02:03:57+00:00,0.0,0.905,0.095,2018-06-19
174,-0.5423,1839,ChrissaFxTrader,1008614223243612161,en,No Loss Fx Strategy,JP Morgan Chase & Co,No Loss Forex Trading EA Algorithmic Strategy https://t.co/BxJEt1XVJN,2018-06-18 07:35:44+00:00,0.429,0.571,0.0,2018-06-19
175,0.2732,297,mollysmcdonough,1008577413612220417,en,mollyswordmcdonough,JP Morgan Chase & Co,@slpng_giants @GDMS @AbbottGlobal @pedialyte Also notable: General Dynamics Lead Director since 2010 (director sinc‚Ä¶ https://t.co/lcoYE6wy5U,2018-06-18 05:09:28+00:00,0.0,0.87,0.13,2018-06-19
176,0.368,411,UXJOBS_EU,1008474702048833536,en,UX Jobs EU,JP Morgan Chase & Co,#uxjobs (UK) UX Designer ‚Äì Markets Execution ‚Äì Associate/Vice President/Executive Director ‚Äì London - JP Morga.. https://t.co/qo5FwfGkba,2018-06-17 22:21:20+00:00,0.0,0.826,0.174,2018-06-19
177,0.7027,98,charrymaemoya,1007973209302593541,en,Charry Mae Moya,JP Morgan Chase & Co,Naghuwat. Nabored. Nag‚Äì selfie! Haha @ JP Morgan Chase &amp; Co.,2018-06-16 13:08:34+00:00,0.0,0.579,0.421,2018-06-19
178,0.0,11,thiago_crypto,1007677759718608898,en,Thiago Crypto,JP Morgan Chase & Co,Is Ripple (XRP) In Partnership Talks With JPMorgan Chase &amp; Co. (NYSE:JPM)? https://t.co/NnYLNFvQy6,2018-06-15 17:34:34+00:00,0.0,1.0,0.0,2018-06-19
179,0.2023,242,mohdfaiz365,1007557884245241858,en,‚ìï‚ìê‚ìò‚ì©,JP Morgan Chase & Co,@imannhafiy @merwss_ @advmsymy Jp morgan https://t.co/pAgzNEXQHN,2018-06-15 09:38:13+00:00,0.0,0.735,0.265,2018-06-19
180,0.3818,1043,beachnut826,1009496529906946048,en,BLR RNüèñüíâüìöüé∂üêæ,Brookdale Senior Living Inc,"Coliseum Capital Management, LLC Buys Purple Innovation Inc, LHC Group Inc, Brookdale Senior ... #management‚Ä¶ https://t.co/OCtYGtf4UK",2018-06-20 18:01:42+00:00,0.0,0.852,0.148,2018-06-19
181,0.7177,49,theharveymutton,1010970355211624449,en,Harvey Mutton,Sprint Corp,"Lucky for me that @sprint allows me internet so I can I relay my feelings how thieving, monster corp @comcast refuses me service. Thanks!",2018-06-24 19:38:10+00:00,0.0,0.769,0.231,2018-06-19
182,-0.3612,37,selafowyco,1010418689332531200,en,"San Javier, Medellin",Sprint Corp,"Bunker hill Kansas Debt Consolidation call 1-888-551-1270: T-Mobile, Sprint finalizing merger terms: sources: (Reut‚Ä¶ https://t.co/pncXxrnRhk",2018-06-23 07:06:02+00:00,0.152,0.848,0.0,2018-06-19
183,-0.3612,63,rujyqaCe,1010418681812140032,en,Abogados Penalistas,Sprint Corp,"Bunker hill Kansas Debt Consolidation call 1-888-551-1270: T-Mobile, Sprint finalizing merger terms: sources: (Reut‚Ä¶ https://t.co/U7j1RnRSKT",2018-06-23 07:06:01+00:00,0.152,0.848,0.0,2018-06-19
184,-0.3612,8,LenyaRivnyy,1010418658361790464,en,"El Poblado, Medellin",Sprint Corp,"Bunker hill Kansas Debt Consolidation call 1-888-551-1270: T-Mobile, Sprint finalizing merger terms: sources: (Reut‚Ä¶ https://t.co/1h4IpkkDiW",2018-06-23 07:05:55+00:00,0.152,0.848,0.0,2018-06-19
185,-0.3612,28,RU3sQDzHsz1647,1010418657984274438,en,Directorio Abogados,Sprint Corp,"Bunker hill Kansas Debt Consolidation call 1-888-551-1270: T-Mobile, Sprint finalizing merger terms: sources: (Reut‚Ä¶ https://t.co/snyp3eoL5b",2018-06-23 07:05:55+00:00,0.152,0.848,0.0,2018-06-19
186,0.0,4,silviamesa19,1010414165461094400,en,silvia mesa,Sprint Corp,"T-Mobile, Sprint finalizing merger terms: sources: (Reuters) ‚Äì U.S. wireless carriers T-Mobile US Inc and Sprint Co‚Ä¶ https://t.co/PW4bD0QFVx",2018-06-23 06:48:04+00:00,0.0,1.0,0.0,2018-06-19
187,0.0,11,ParanormalSally,1010414164303466497,en,Paranormal,Sprint Corp,"T-Mobile, Sprint finalizing merger terms: sources: (Reuters) ‚Äì U.S. wireless carriers T-Mobile US Inc and Sprint Co‚Ä¶ https://t.co/0fhnIPDrXf",2018-06-23 06:48:04+00:00,0.0,1.0,0.0,2018-06-19
188,0.4767,1300,TripMc3,1010150794434433025,en,Sentient‚ö°Ô∏èStorm,Sprint Corp,"@sprintcare How about finding corp mgmnt actually loyal to the Constitution, rather than buckling to the alphabet s‚Ä¶ https://t.co/X0hD09z1Fz",2018-06-22 13:21:31+00:00,0.0,0.853,0.147,2018-06-19
189,0.0,21,BarbaraEditor,1009822062368747522,en,Barbara Wenger,Sprint Corp,Stephen R. Kappes appointed to Sprint Corp. Board of Directors. https://t.co/cALjdj5QU6 #corpgov https://t.co/PGMmcivbkf,2018-06-21 15:35:15+00:00,0.0,1.0,0.0,2018-06-19
190,0.3612,1911,Corp_Challenge,1009551488346148864,en,CalgaryCorpChallenge,Sprint Corp,Is your company ready to ride in CCC's Spin event this Sept? This event is a 20 minute sprint and your total score‚Ä¶ https://t.co/q83GiT2rV7,2018-06-20 21:40:06+00:00,0.0,0.898,0.102,2018-06-19
191,0.4404,16,samuqiwB,1009507118947360768,en,"Villa Hermosa, Med",Sprint Corp,T-Mobile agrees to acquire Sprint for $26 billion: (Reuters) ‚Äì T-Mobile US Inc agreed on Sunday to acquire peer Spr‚Ä¶ https://t.co/PfNdSIhbOf,2018-06-20 18:43:47+00:00,0.0,0.822,0.178,2018-06-19
192,0.4404,14,gyboracl,1009504548530950144,en,Oklahoma City OK,Sprint Corp,T-Mobile agrees to acquire Sprint for $26 billion: (Reuters) ‚Äì T-Mobile US Inc agreed on Sunday to acquire peer Spr‚Ä¶ https://t.co/TeZ4v1PbEY,2018-06-20 18:33:34+00:00,0.0,0.822,0.178,2018-06-19
193,0.4404,8,carlosb21354819,1009500142599208960,en,carlos berrio,Sprint Corp,T-Mobile agrees to acquire Sprint for $26 billion: (Reuters) ‚Äì T-Mobile US Inc agreed on Sunday to acquire peer Spr‚Ä¶ https://t.co/XAhKom9FsF,2018-06-20 18:16:04+00:00,0.0,0.822,0.178,2018-06-19
194,0.7184,65,tammy_feist,1009496853887537160,en,tammy feist,Sprint Corp,#Sprint thanks for your $15 deal. Made your loyal  #Boost customers still paying $50 internet slow to a crawl. What‚Ä¶ https://t.co/43ev1IOYgc,2018-06-20 18:03:00+00:00,0.0,0.75,0.25,2018-06-19
195,0.0,95,DavidGrey99,1009302666940276736,en,David Grey,Sprint Corp,"@slpng_giants @TMobile .@TMobile will not rock the boat with anyone on team trump, and this is why:
https://t.co/mosOabuH6j",2018-06-20 05:11:22+00:00,0.0,1.0,0.0,2018-06-19
196,0.0,50,wimpy1980,1009188520680968194,en,WimpyArt,Sprint Corp,"@SharonCoryell3 @housesandme @KGraceHill @NFIB #boycottNFIBmembers and their partners @Dell, @sprint ,‚Ä¶ https://t.co/5bs6w6BsBg",2018-06-19 21:37:47+00:00,0.0,1.0,0.0,2018-06-19
197,0.0,50,wimpy1980,1009187845351895041,en,WimpyArt,Sprint Corp,"@GigiMaze @funder #boycottNFIBmembers and their partners @Dell, @sprint , @AIGinsurance , @FedEx, @officedepot ,‚Ä¶ https://t.co/8iDplSd3DZ",2018-06-19 21:35:06+00:00,0.0,1.0,0.0,2018-06-19
198,0.0,50,wimpy1980,1009184018179547136,en,WimpyArt,Sprint Corp,"#boycottNFIBmembers and their partners @Dell, @sprint , @AIGinsurance , @FedEx , @officedepot , @LibertyMutual,‚Ä¶ https://t.co/SKMLo3cBgM",2018-06-19 21:19:54+00:00,0.0,1.0,0.0,2018-06-19
199,0.0,123,philBE2,1009111920606154755,en,philBE,Sprint Corp,"18JUN18 - @FCC Submarine Cable License Transfer of Control : Sprint/T-Mobile

Sprint corp and T-Mobile US inc just‚Ä¶ https://t.co/gfdGFvg0eB",2018-06-19 16:33:24+00:00,0.0,1.0,0.0,2018-06-19
200,0.0,164,anaba_kwadjo,1008952794353676288,en,Anaba Kwadjo Michael,Sprint Corp,"Sprint, T-Mobile plan to file deal application to FCC on Monday #filmmaking https://t.co/C4ohofHjK3 | Get your [Fre‚Ä¶ https://t.co/eFwkvrrF7o",2018-06-19 06:01:06+00:00,0.0,1.0,0.0,2018-06-19
201,0.0,1853,nancyarter,1008827994591449089,en,nancyarter,Sprint Corp,Sprint and T-Mobile to file deal application to the FCC today in next step toward merger. #wireless https://t.co/ly5llvs7TE,2018-06-18 21:45:11+00:00,0.0,1.0,0.0,2018-06-19
202,0.0,2458,IAITAM,1008786454045130753,en,IAITAM,Sprint Corp,"Sprint, T-Mobile plan to file deal application to FCC on Monday | Reuters https://t.co/X1mecjV2f1 https://t.co/nAbgNirkt2",2018-06-18 19:00:07+00:00,0.0,1.0,0.0,2018-06-19
203,0.7579,62,savagetrading,1008758420370087936,en,SavageTrading,Sprint Corp,"https://t.co/w0OkuquQZk

Oh yes calls for August look amazing",2018-06-18 17:08:43+00:00,0.0,0.48,0.52,2018-06-19
204,0.128,97,Stan_Wagner19,1008752132969975808,en,Stan,Sprint Corp,@sprint Does Sprint omit legal copy regarding ineligible Corp. Discounts purposely? https://t.co/55NWWFj0af,2018-06-18 16:43:44+00:00,0.0,0.88,0.12,2018-06-19
205,0.0,1548,TechPolis,1008741705934229504,en,TechPolis,Sprint Corp,"@Sprint, @TMobile to file merger proposal with the @FCC today. https://t.co/5Pt1OI5xX7",2018-06-18 16:02:18+00:00,0.0,1.0,0.0,2018-06-19
206,0.0,1858,mikejwisniewski,1009827109857038336,en,Michael Wisniewski,Pitney Bowes Inc,Pitney Bowes Inc. announced Michael Monahan and Abby F. Kohnstamm will retire in July #philanthropy‚Ä¶ https://t.co/MJ4U7JTNfx,2018-06-21 15:55:19+00:00,0.0,1.0,0.0,2018-06-19
207,0.7096,137,adi_pendyala,1009124048339644418,en,Aditya Pendyala,Pitney Bowes Inc,Fascinating discussion on the value of #operational #efficiency and data-driven #aftermarket services at mnubo‚Ä¶ https://t.co/PP7cgFjUAc,2018-06-19 17:21:36+00:00,0.0,0.688,0.312,2018-06-19
208,0.0,9,ruimveldtglobal,1011041051568570369,en,Ruimveldt Global,Morgan Stanley,"Morgan Stanley: ""These Four Key Market Elements Are Very Different Than A Year Ago"" https://t.co/PqHKu43gNR https://t.co/EcWdnDa6MX",2018-06-25 00:19:05+00:00,0.0,1.0,0.0,2018-06-19
209,0.0,27,RichardMulkey,1011036515718266880,en,Richard Mulkey,Morgan Stanley,"Trump's 'Space Force' could fuel a new $1 trillion economy, Morgan Stanley says https://t.co/zwZgOyqwKX",2018-06-25 00:01:04+00:00,0.0,1.0,0.0,2018-06-19
210,0.0,7,billt415,1011034690088849408,en,bill,Morgan Stanley,"Trump's 'Space Force' could fuel a new $1 trillion economy, Morgan Stanley says YAH! Maybe Trump will be a space ca‚Ä¶ https://t.co/V0eHkNfq9m",2018-06-24 23:53:48+00:00,0.0,1.0,0.0,2018-06-19
211,0.0,54,Mattsachot,1011026462156165121,en,Matthieu Sachot,Morgan Stanley,"Just above Fed stress-tests requirements -
Goldman Sachs and Morgan Stanley pass but with a thin victory - is it on‚Ä¶ https://t.co/w7LuPOxznW",2018-06-24 23:21:07+00:00,0.0,1.0,0.0,2018-06-19
212,0.3612,413,HollyLumina,1011022786012344322,en,Holly Zanville,Morgan Stanley,#growthofspacebusinesses Morgan Stanley sees 'a pattern forming' of the space industry developing like self-driving‚Ä¶ https://t.co/LSVF3KQiar,2018-06-24 23:06:30+00:00,0.0,0.848,0.152,2018-06-19
213,0.0,13,OpenMindNews,1011022167650299904,en,Open Mind News,Morgan Stanley,"New post (Morgan Stanley: ""These Four Key Elements Of This Market Are Very Different Than A Year Ago"") has been pub‚Ä¶ https://t.co/0cpJWOWw6V",2018-06-24 23:04:03+00:00,0.0,1.0,0.0,2018-06-19
214,0.0,249,jrbrownb,1011021517675692032,en,boyce brown jr,Morgan Stanley,"Trump's 'Space Force' could fuel a new $1 trillion economy, Morgan Stanley says https://t.co/hi03ACpAEw",2018-06-24 23:01:28+00:00,0.0,1.0,0.0,2018-06-19
215,0.5994,317,calbearcrypto,1011020183014498305,en,Calbearcrypto,Morgan Stanley,Bullish on @realdonaldtrump  #spaceforce MORGAN STANLEY: Here are 20 companies that are best exposed to the growing‚Ä¶ https://t.co/0jiQGNEP1z,2018-06-24 22:56:10+00:00,0.06,0.744,0.195,2018-06-19
216,0.0,32,matt_ir_guru,1011017753317212160,en,"Matthew Abenante, IRC",Morgan Stanley,"Morgan Stanley: ""These Four Key Elements Of This Market Are Very Different Than A Year Ago"" https://t.co/y4l6wsCF9d",2018-06-24 22:46:30+00:00,0.0,1.0,0.0,2018-06-19
217,0.0,0,BusinessForth,1011016162891780102,en,Business Forth,Morgan Stanley,Indian Equity Market is Likely to outperform: Morgan Stanley #MorganStanley https://t.co/MTSLqqveLV https://t.co/o6CBENkaCK,2018-06-24 22:40:11+00:00,0.0,1.0,0.0,2018-06-19
218,0.0,285,tommycanyou,1009085989241815041,en,Tommy,Dowdupont Inc,"#markets #corruption #dump #climatechange 

Dowdupont Inc did need to be dismantled. Would you believe that the ave‚Ä¶ https://t.co/xbrTtRxrOV",2018-06-19 14:50:22+00:00,0.0,1.0,0.0,2018-06-19
219,-0.296,30,report_fx,1010448965152591872,en,Fx Daily Report,Blackberry Ltd,"Tech stock under pressure: BlackBerry Ltd (NYSE: BB) stock https://t.co/Z1x1qiDiLq

#Stock #BlackBerry #StockMarket #Finance #News #Business",2018-06-23 09:06:21+00:00,0.128,0.872,0.0,2018-06-19
220,0.4404,169,Fiteni,1010218701386285057,en,"Alex Fiteni CPA, CMA",Blackberry Ltd,BlackBerry Ltd. 2018 Q1 - Results - Earnings Call Slides $BB ... profitable now https://t.co/iGmOzAwHXe https://t.co/Nmgv1O5UJj,2018-06-22 17:51:22+00:00,0.0,0.818,0.182,2018-06-19
221,0.296,181,CyberProsCanada,1010212214656131074,en,CyberProsConsulting,Blackberry Ltd,"BlackBerry shares slip on lower enterprise revenue 
BlackBerry Ltd. shares sank virtually 10 per cent to their lowe‚Ä¶ https://t.co/04Oz2M5hGR",2018-06-22 17:25:35+00:00,0.097,0.708,0.195,2018-06-19
222,0.0,2274,TheMotleyFoolCA,1010140601105428480,en,Motley Fool Canada,Blackberry Ltd,Brand new #investing #advice and #tips for #Canadians - Why BlackBerry Ltd. Stock Could Skyrocket in the Next 12-24‚Ä¶ https://t.co/piM0WNPvAu,2018-06-22 12:41:01+00:00,0.0,1.0,0.0,2018-06-19
223,0.0,2274,TheMotleyFoolCA,1009789542235365376,en,Motley Fool Canada,Blackberry Ltd,Brand new #investing #advice and #tips for #Canadians - 3 Reasons to Buy BlackBerry Ltd. (TSX:BB) Ahead of Q1 Earni‚Ä¶ https://t.co/afBhX9b9e3,2018-06-21 13:26:02+00:00,0.0,1.0,0.0,2018-06-19
224,0.0,25,313Ink,1009768281165717504,en,Muhammad Ali,Blackberry Ltd,3 Reasons to Buy BlackBerry Ltd. (TSX:BB) Ahead of Q1 Earnings https://t.co/wAknZ9XXkZ,2018-06-21 12:01:33+00:00,0.0,1.0,0.0,2018-06-19
225,0.3182,1052,ProxyInsight,1009752955678011393,en,Proxy Insight,Blackberry Ltd,90.6 percent of BlackBerry Ltd's shareholders support US$400 million pay package for CEO John Chen. Glass Lewis had‚Ä¶ https://t.co/WjOFTMLmoP,2018-06-21 11:00:39+00:00,0.066,0.806,0.128,2018-06-19
226,0.3612,30,Apple_Fan_News,1009210358379118592,en,AppleFan.News Ô£ø,Blackberry Ltd,Bluefin Trading Boosted By $35.76 Million Its #Apple $AAPL Position; Connor Clark &amp; Lunn Investment Management ...‚Ä¶ https://t.co/pTpgqyZxJd,2018-06-19 23:04:34+00:00,0.0,0.872,0.128,2018-06-19
227,0.296,739,CND_Ltd,1009077231061225472,en,CND Ltd.,Blackberry Ltd,"New Alerts for Solaris, Apache, QNAP, BlackBerry (Android), and Splunk.  Updated Linux Alert.  https://t.co/XM0iH5Htuc",2018-06-19 14:15:34+00:00,0.0,0.855,0.145,2018-06-19
228,0.7783,1990,aestheticsevent,1008650789143932928,en,AestheticsEventStaff,Blackberry Ltd,Aesthetics Event Staff Ltd¬†would like to thank all the team that worked on the Inspiring Leadership Conference 2018‚Ä¶ https://t.co/n3prNzmj1E,2018-06-18 10:01:02+00:00,0.0,0.685,0.315,2018-06-19
229,0.0,21,glenbcora,1008052360759922688,en,Glen Cora,Blackberry Ltd,BlackBerry Ltd (BBRY) Finds Life After Smartphones: What is BlackBerry Ltd (ticker: BBRY)?  This was an‚Ä¶ https://t.co/u46h1asRJL,2018-06-16 18:23:06+00:00,0.0,1.0,0.0,2018-06-19
230,0.0,297,bfnofficial,1008078019985100803,en,BusinessFinanceNews,AK Steel Holding Corp,"#AKSteel Corp, US Steel Corp: The US Antidumping Duty Story Continues https://t.co/LyFeflhSJW‚Ä¶ https://t.co/fI5QaAodJL",2018-06-16 20:05:03+00:00,0.0,1.0,0.0,2018-06-19
231,0.0,337,hannahbrin,1010266602477105154,en,Hannah Brininger,Exxon Mobil Corp,"Exxon Mobil Corp (XOM) price at close, 2018-06-22, is 81.3932.",2018-06-22 21:01:42+00:00,0.0,1.0,0.0,2018-06-19
232,0.0,111,AlexandrMason88,1010266568725553153,en,Alexandra Mason,Exxon Mobil Corp,"Exxon Mobil Corp (XOM) price at close of market, 2018-06-22, is 81.3932.",2018-06-22 21:01:34+00:00,0.0,1.0,0.0,2018-06-19
233,0.0,370,eliselofgr,1010266495086100486,en,Elise Lofgren,Exxon Mobil Corp,"Exxon Mobil Corp (XOM) price at close, 2018-06-22, is 81.3932.",2018-06-22 21:01:16+00:00,0.0,1.0,0.0,2018-06-19
234,0.0,72,KarleneGregor,1010213937588162561,en,Karlene Gregor,Exxon Mobil Corp,Exxon Mobil Corp (XOM) stock rose by 2.4407%! Currently priced at 81.635. https://t.co/ESv1q88mqB,2018-06-22 17:32:26+00:00,0.0,1.0,0.0,2018-06-19
235,0.0,337,hannahbrin,1009904179756888066,en,Hannah Brininger,Exxon Mobil Corp,"Exxon Mobil Corp (XOM) price at close, 2018-06-21, is 79.635.",2018-06-21 21:01:34+00:00,0.0,1.0,0.0,2018-06-19
236,0.0,370,eliselofgr,1009904156956676101,en,Elise Lofgren,Exxon Mobil Corp,"Exxon Mobil Corp (XOM) price at close, 2018-06-21, is 79.635.",2018-06-21 21:01:28+00:00,0.0,1.0,0.0,2018-06-19
237,0.0,111,AlexandrMason88,1009904146345070594,en,Alexandra Mason,Exxon Mobil Corp,"Exxon Mobil Corp (XOM) price at close of market, 2018-06-21, is 79.635.",2018-06-21 21:01:26+00:00,0.0,1.0,0.0,2018-06-19
238,0.0,111,AlexandrMason88,1009541891229126656,en,Alexandra Mason,Exxon Mobil Corp,"Exxon Mobil Corp (XOM) price at close of market, 2018-06-20, is 80.47.",2018-06-20 21:01:57+00:00,0.0,1.0,0.0,2018-06-19
239,0.0,370,eliselofgr,1009541840058683393,en,Elise Lofgren,Exxon Mobil Corp,"Exxon Mobil Corp (XOM) price at close, 2018-06-20, is 80.47.",2018-06-20 21:01:45+00:00,0.0,1.0,0.0,2018-06-19
240,0.0,337,hannahbrin,1009541717073317888,en,Hannah Brininger,Exxon Mobil Corp,"Exxon Mobil Corp (XOM) price at close, 2018-06-20, is 80.47.",2018-06-20 21:01:16+00:00,0.0,1.0,0.0,2018-06-19
241,0.0,370,eliselofgr,1009180072157372418,en,Elise Lofgren,Exxon Mobil Corp,"Exxon Mobil Corp (XOM) price at close, 2018-06-19, is 80.725.",2018-06-19 21:04:13+00:00,0.0,1.0,0.0,2018-06-19
242,0.0,337,hannahbrin,1009179678035279873,en,Hannah Brininger,Exxon Mobil Corp,"Exxon Mobil Corp (XOM) price at close, 2018-06-19, is 80.725.",2018-06-19 21:02:39+00:00,0.0,1.0,0.0,2018-06-19
243,0.0,111,AlexandrMason88,1009179323025252359,en,Alexandra Mason,Exxon Mobil Corp,"Exxon Mobil Corp (XOM) price at close of market, 2018-06-19, is 80.725.",2018-06-19 21:01:14+00:00,0.0,1.0,0.0,2018-06-19
244,0.0,370,eliselofgr,1008817874365042689,en,Elise Lofgren,Exxon Mobil Corp,"Exxon Mobil Corp (XOM) price at close, 2018-06-18, is 81.09.",2018-06-18 21:04:58+00:00,0.0,1.0,0.0,2018-06-19
245,0.0,337,hannahbrin,1008817215855104000,en,Hannah Brininger,Exxon Mobil Corp,"Exxon Mobil Corp (XOM) price at close, 2018-06-18, is 81.09.",2018-06-18 21:02:21+00:00,0.0,1.0,0.0,2018-06-19
246,0.0,111,AlexandrMason88,1008816797813010433,en,Alexandra Mason,Exxon Mobil Corp,"Exxon Mobil Corp (XOM) price at close of market, 2018-06-18, is 81.09.",2018-06-18 21:00:42+00:00,0.0,1.0,0.0,2018-06-19
247,0.0,440,growtoretire,1007990066982080513,en,GrowtoRetire üáµüáπ,Exxon Mobil Corp,"Oil magnate John D. Rockefeller, the forefather of Exxon Mobil Corp., was unmoved, seeing any price dip as a chance‚Ä¶ https://t.co/uauIVqDJsB",2018-06-16 14:15:34+00:00,0.0,1.0,0.0,2018-06-19
248,0.0,370,eliselofgr,1007730537048440833,en,Elise Lofgren,Exxon Mobil Corp,"Exxon Mobil Corp (XOM) price at close, 2018-06-15, is 80.66.",2018-06-15 21:04:17+00:00,0.0,1.0,0.0,2018-06-19
249,0.0,111,AlexandrMason88,1007730239928262656,en,Alexandra Mason,Exxon Mobil Corp,"Exxon Mobil Corp (XOM) price at close of market, 2018-06-15, is 80.66.",2018-06-15 21:03:06+00:00,0.0,1.0,0.0,2018-06-19
250,0.0,337,hannahbrin,1007730037460733952,en,Hannah Brininger,Exxon Mobil Corp,"Exxon Mobil Corp (XOM) price at close, 2018-06-15, is 80.66.",2018-06-15 21:02:18+00:00,0.0,1.0,0.0,2018-06-19
251,0.4404,25,_TheBobCat,1007707957029556224,en,Jerry Landry,Exxon Mobil Corp,"Can we start paring down the software updates to just 2-3 times per week now?

Thanks Apple, Google, Spotify, Amazo‚Ä¶ https://t.co/DwpuqhNbDe",2018-06-15 19:34:33+00:00,0.0,0.873,0.127,2018-06-19
252,-0.1027,790,EnviroNotes,1011007321995128833,en,Christopher Levinson,Pacific Gas & Electric Co,California utility expects to pay $2.5 billion for wildfires https://t.co/cbzumpcN5e - Pacific Gas &amp; Electric Co. a‚Ä¶ https://t.co/3qwzt2GHw8,2018-06-24 22:05:03+00:00,0.08,0.92,0.0,2018-06-19
253,-0.1027,2101,CaliforniaNotes,1010956991718674433,en,Issues in California,Pacific Gas & Electric Co,California utility expects to pay $2.5 billion for wildfires https://t.co/bziuGiQyig - Pacific Gas &amp; Electric Co. a‚Ä¶ https://t.co/RuumR0btel,2018-06-24 18:45:04+00:00,0.08,0.92,0.0,2018-06-19
254,-0.2732,174,SingletonLawyer,1010228661470093312,en,Singleton Law Firm,Pacific Gas & Electric Co,Pacific Gas &amp; Electric Co. warned investors Thursday it anticipates being held liable for at least $2.5 billion in‚Ä¶ https://t.co/rFtBbbvO9K,2018-06-22 18:30:56+00:00,0.1,0.9,0.0,2018-06-19
255,0.128,1295,Mary_Evans,1010099551859040257,en,Mary Evans Pictures,Pacific Gas & Electric Co,"Born #OTD in 1960, Erin Brockovich, legal secretary and environmental activist who was instrumental in building a c‚Ä¶ https://t.co/DuFjOJbtM0",2018-06-22 09:57:54+00:00,0.0,0.919,0.081,2018-06-19
256,0.6369,536,tmj_tpa_it,1010888146001596416,en,TMJ - TPA IT Jobs,Citigroup Inc,Can you recommend anyone for this #job? Applications Support Technical Lead Analyst - https://t.co/SMIia3luyq #IT‚Ä¶ https://t.co/TxIWmEmfez,2018-06-24 14:11:30+00:00,0.0,0.714,0.286,2018-06-19
257,0.296,21,TheAriGlass,1010613459782807552,en,Ari Glass,Citigroup Inc,44196 Shares in Brightsphere Investment Group PLC (NYSE:BSIG) Purchased by Citigroup Inc.: Several other institutio‚Ä¶ https://t.co/ekdmBESNC3,2018-06-23 19:59:59+00:00,0.0,0.872,0.128,2018-06-19
258,0.7351,591,silewconsulting,1010314184054239233,en,silew,Citigroup Inc,Citi profit tops estimates; books $22 billion tax charge (Reuters) - Citigroup Inc on Tuesday repo https://t.co/Jh03zNfnYO @silewconsulting,2018-06-23 00:10:46+00:00,0.0,0.708,0.292,2018-06-19
259,0.0,496,krbecrypto,1009932865260355584,en,#HODL,Citigroup Inc,"#Breaking #CryptoWarriors The Dinosaurs' Last Days Are Approaching!
According to Reuters,
""An Australian regulator‚Äô‚Ä¶ https://t.co/ZxyCOZOjtu",2018-06-21 22:55:33+00:00,0.0,1.0,0.0,2018-06-19
260,0.4939,53,dmckay604,1011040626840780800,en,Dave,Kinder Morgan,@iluvbeansy @NEWS1130 What does this have to do with kinder Morgan?,2018-06-25 00:17:24+00:00,0.0,0.758,0.242,2018-06-19
261,0.1386,22,Wonk0TheSane,1011029113598038016,en,Wonko Sane,Kinder Morgan,Canada to Spend Billions on Kinder Morgan Bailout and First Nations Still Don't Have Clean Drinking  #care2‚Ä¶ https://t.co/rBPSJW7WPM,2018-06-24 23:31:39+00:00,0.167,0.686,0.146,2018-06-19
262,0.2732,222,oliviadragonfly,1011019966689300481,en,Olivia,Kinder Morgan,@ballantyneart @DianeMariePosts @MaggieRicker @JoeMacInSuds @JoeUrsuul @JustinTrudeau Well she stated incorrect inf‚Ä¶ https://t.co/WPqCCGEJfN,2018-06-24 22:55:18+00:00,0.0,0.84,0.16,2018-06-19
263,0.4939,26,MistaJay10,1011018045127569414,en,Mistaken Jay‚Ñ¢ ¬Ø\_( „ÉÑ)_/¬Ø,Kinder Morgan,@AlexpiersonAMP Kinder Morgan...,2018-06-24 22:47:40+00:00,0.0,0.385,0.615,2018-06-19
264,0.4939,237,VanEcosocialist,1010992353664905216,en,VanEcosocialistGroup,Kinder Morgan,Civil disobedience against Kinder Morgan is a civic responsibility - Statement to the Court from the first proteste‚Ä¶ https://t.co/gLjolJ0L9D,2018-06-24 21:05:35+00:00,0.0,0.833,0.167,2018-06-19
265,0.7096,665,DividendReturns,1010992171984543745,en,Dividend Investments,Kinder Morgan,"Promising a Dividend Hike of 60%, Kinder Morgan Closes 2017 on a High https://t.co/AcugJ4Tu41",2018-06-24 21:04:51+00:00,0.0,0.629,0.371,2018-06-19
266,0.25,8,ChrisHanratty5,1010981394103914496,en,Chris Hanratty,Kinder Morgan,Kennedy Stewart's last petition: Stop the Kinder Morgan pipeline https://t.co/hveSTfLjdh via @YouTube,2018-06-24 20:22:02+00:00,0.143,0.649,0.208,2018-06-19
267,0.1531,973,UnevenEarth,1010965267835445250,en,Uneven Earth,Kinder Morgan,"""There is a future struggling to be born in which environmental and ecological responsibility, social justice and e‚Ä¶ https://t.co/DSefKTfx5u",2018-06-24 19:17:57+00:00,0.126,0.721,0.153,2018-06-19
268,0.8126,1993,Toronto350,1010962021439991808,en,Toronto350.org,Kinder Morgan,"""The NEB says its approval of the variance and Kinder Morgan Canada's fulfillment of certain conditions allows it t‚Ä¶ https://t.co/E8XWDOzYW0",2018-06-24 19:05:03+00:00,0.0,0.669,0.331,2018-06-19
269,-0.6786,443,ashleycoopergwi,1010956244469866498,en,GlobalWarmingImages,Kinder Morgan,"Its the most environmentally devastating project on the planet, and thats even before you consider its climate chan‚Ä¶ https://t.co/uL9pnBpXOd",2018-06-24 18:42:05+00:00,0.203,0.797,0.0,2018-06-19
270,-0.7003,25,DoreenHRoy,1010954528638656512,en,Doreen H Roy,Kinder Morgan,Kinder Morgan says oil terminal violations due to 'calculation error' and 'defective equipment' https://t.co/ZzZj1CKBYZ via @NatObserver,2018-06-24 18:35:16+00:00,0.372,0.496,0.132,2018-06-19
271,-0.1779,9,Srl82Shawn,1010947919334297601,en,Informed Canadian,Kinder Morgan,So will greens select a new party leader? I won‚Äôt vote for a criminal #Cdnpoli #ONpoli  https://t.co/ALwrZv9Emb,2018-06-24 18:09:01+00:00,0.188,0.663,0.149,2018-06-19
272,0.0,145,Seymour_Stocks,1008986696678100992,en,Seymour Pennystocks,Nabors Industries,Nabors Industries Stock Getting Very Oversold https://t.co/lNwxzDLQel https://t.co/1HRNDEaNMy,2018-06-19 08:15:49+00:00,0.0,1.0,0.0,2018-06-19
273,0.296,56,pastlefirefly,1010978291061350402,en,jen is shook,Coca-Cola Company,"me: *is guessing the worlds biggest companies*
my dad: okay number 5 is a drink company‚Ä¶ what drink does everyone d‚Ä¶ https://t.co/PKnJNrgflI",2018-06-24 20:09:42+00:00,0.0,0.849,0.151,2018-06-19
274,0.4902,410,claudehanan,1010969516631838721,en,Claude Hanan,Coca-Cola Company,#Fortune500 always blows my mind. Apple makes more in profit than coca cola + netflix combined revenues. Walmart 1s‚Ä¶ https://t.co/CdMYR0d3VL,2018-06-24 19:34:50+00:00,0.0,0.85,0.15,2018-06-19
275,-0.0772,71,williamrsmith8,1010949396484280324,en,william r. smith,Coca-Cola Company,"Once again, complicity of major organizations allow for continued discrimination and exclusion of Black americans.‚Ä¶ https://t.co/PUAcxY1UlO",2018-06-24 18:14:53+00:00,0.122,0.773,0.105,2018-06-19
276,-0.3182,751,LaRuse7,1010949276069920769,en,LaRuse,Coca-Cola Company,@ModenaYCG I looked through them. I think some people are a bit confused on who actually owns the company. There‚Äôs‚Ä¶ https://t.co/CkLCinWrfx,2018-06-24 18:14:24+00:00,0.119,0.881,0.0,2018-06-19
277,-0.4019,751,LaRuse7,1010948385136922624,en,LaRuse,Coca-Cola Company,@robinstoodley @ArleneDickinson So you aren‚Äôt actually boycotting US products by buying Minute Maid. You‚Äôre buying‚Ä¶ https://t.co/esjZVnWGlk,2018-06-24 18:10:52+00:00,0.153,0.847,0.0,2018-06-19
278,0.0,751,LaRuse7,1010947420895764480,en,LaRuse,Coca-Cola Company,@robinstoodley @ArleneDickinson Minute Maid is owned by Coca Cola and headquartered in the US. However it does proc‚Ä¶ https://t.co/0T9OwoEsZ8,2018-06-24 18:07:02+00:00,0.0,1.0,0.0,2018-06-19
279,0.794,661,ArrowwoodResort,1010934921844666371,en,Arrowwood Resort,Coca-Cola Company,Don't forget Star Storm will take place on the Fourth of July at 10pm!  Please make sure to thank our Fireworks Spo‚Ä¶ https://t.co/52Kn1wuO6B,2018-06-24 17:17:22+00:00,0.0,0.677,0.323,2018-06-19
280,0.8658,44,YeboahBethel,1010862036790726656,en,Bethel Yeboah,Coca-Cola Company,"We won 3 Awards at the Ghana Beverage Awards.  
1. Soft drink of the year
2. CSR company of the year 
3. Manufactur‚Ä¶ https://t.co/uM6gYIm8iI",2018-06-24 12:27:45+00:00,0.0,0.673,0.327,2018-06-19
281,0.0,21,Sampatel4190,1010846614418649088,en,Salute Indian Army,Coca-Cola Company,"@DreamgirlIndian Aaloo dalo Sona nikalo.
Shikanji becho coca cola company banao.
Mechanic bano aur Ford company ban‚Ä¶ https://t.co/xAOUfWvIgD",2018-06-24 11:26:28+00:00,0.0,1.0,0.0,2018-06-19
282,0.0,132,AshvinPatidar,1010829680566415360,en,Ashvin Patidar,Coca-Cola Company,@CB_Patel_Namo @RahulGandhi Coca cola company k liye feku ji ne sardar sarovar k nam se kisano ko barbad kar diya,2018-06-24 10:19:10+00:00,0.0,1.0,0.0,2018-06-19
283,0.8516,100,_Yahhhh_StobIt_,1010799062897967105,en,R [ ÏÑùÏßÑ ],Coca-Cola Company,"HAHAHAAAHHA
Luckily my father works at the Coca - Cola Company üòÇ
I'm so blessed af üòÇ https://t.co/wDuJLKfqcg",2018-06-24 08:17:30+00:00,0.0,0.611,0.389,2018-06-19
284,0.0,180,JenayalynnProd,1010777245869334528,en,üé§TheAudioBookieüéßüìö,Coca-Cola Company,The Coca Cola company offers more than 300 different beverages #selfpub #facts #SupportBlackBusiness,2018-06-24 06:50:49+00:00,0.0,1.0,0.0,2018-06-19
285,0.0,58,sadxlans,1010730165972791296,en,Lans FlamaüíäüëÇ üíö,Coca-Cola Company,@fedillaxsofi @oridemierda Unaa bebida de Coca-Cola Company (creo) de sabor pomelo,2018-06-24 03:43:44+00:00,0.0,1.0,0.0,2018-06-19
286,0.0,65,divyang231293,1010702257522913281,en,Divyang Patel,Coca-Cola Company,@divyaspandana @AmitShah @BJP4India Tum log shikanji becho kya pta kab coca cola company khol do...,2018-06-24 01:52:50+00:00,0.0,1.0,0.0,2018-06-19
287,-0.25,8,mute_brute,1010683381988896769,en,decorum enthusiast,Coca-Cola Company,@hePennipacker @HauntedShore20 @TheMetroidPrime @4lternate_facts that's inter-company propaganda you dimwit (coca c‚Ä¶ https://t.co/7MyPFOVS5e,2018-06-24 00:37:50+00:00,0.154,0.846,0.0,2018-06-19
288,0.0,103,RiderChop,1010634086958809088,en,"Pudd, in Mexico",Coca-Cola Company,"1L of water costs me $.50 USD here compared to the almost $2 you paid in Utah

comparatively, a 2L of soda is $2.50‚Ä¶ https://t.co/pfNaKrwLpM",2018-06-23 21:21:57+00:00,0.0,1.0,0.0,2018-06-19
289,-0.5574,364,Yo_Siempre_Loco,1010614339164925952,en,Ë≤ªtito-sanË≤ª,Coca-Cola Company,"@lilniggadre Nestle the same company that makes chocolate, nestle owned by Coca Cola, the same company that pours shit into your body",2018-06-23 20:03:29+00:00,0.146,0.854,0.0,2018-06-19
290,0.0,249,DollAvant,1010611547922722816,en,Doll Avant,Coca-Cola Company,Coca-Cola selected my company Aquagenuity for tech implementation. The takeover is real üôåüèæüòéüíÉüèΩ#dollavant‚Ä¶ https://t.co/cuEUy2oyJp,2018-06-23 19:52:23+00:00,0.0,1.0,0.0,2018-06-19
291,0.802,372,GeorgeJAikara,1010576884646797312,en,George J Aikara,Coca-Cola Company,"Before, during and after pictures of a beach clean up organised by United Way Mumbai through the support of The Coc‚Ä¶ https://t.co/bWYWQcwBbd",2018-06-23 17:34:39+00:00,0.0,0.687,0.313,2018-06-19
292,0.4215,19,JulianDeLay1,1010571502222282752,en,Julian DeLay,Coca-Cola Company,"@Breezegrl @JoyAnnReid United Fruit Company, later Chiquita. Coca Cola too.",2018-06-23 17:13:16+00:00,0.0,0.763,0.237,2018-06-19
293,0.0772,46,Rajesh67782389,1010537577546256385,en,Rajesh67782389,Coca-Cola Company,"#YouthWantsBJPFreeRajasthan
Youth want all sikanji wala became owner of a coca-cola company https://t.co/XuJi1mJG4A",2018-06-23 14:58:28+00:00,0.0,0.894,0.106,2018-06-19
294,0.4404,435,robin_glover,1010519199263928321,en,99.999% just like you.,Coca-Cola Company,It's funny how @CocaCola has been trying to pass itself as a water company. They're a sugar company. Coca-Cola sells sugar.,2018-06-23 13:45:26+00:00,0.0,0.861,0.139,2018-06-19
295,0.7243,320,Kofsolgrp,1010454793314324480,en,Olaosebikan O.K,Coca-Cola Company,"Coca-Cola Is A Goal!!! NBC is A WRAP!üòä Congratulations to you all @cocacola_ng and Nig Bottling Company 
on our vic‚Ä¶ https://t.co/ILVos64bD6",2018-06-23 09:29:30+00:00,0.0,0.78,0.22,2018-06-19
296,0.7243,320,Kofsolgrp,1010454523159117825,en,Olaosebikan O.K,Coca-Cola Company,"Coca-Cola Is A Goal!!! NBC is A WRAP!üòä Congratulations to you all @cocacola_ng and Nig Bottling Company 
on our vic‚Ä¶ https://t.co/KGCtij8bBb",2018-06-23 09:28:26+00:00,0.0,0.78,0.22,2018-06-19
297,0.0,89,Trigar23,1010437481190260737,en,Trigar,Coca-Cola Company,@Usdzarkings But 1% of Coca-Cola company.,2018-06-23 08:20:43+00:00,0.0,1.0,0.0,2018-06-19
298,0.5719,294,khyaa,1010412067021643777,en,Suresh Raj Maharjan,Coca-Cola Company,"Visa, MasterCard, Amex, Union Pay are like Coca Cola Company and PepsiCo Inc. Debit card, credit card and prepaid c‚Ä¶ https://t.co/EB48wI3tuR",2018-06-23 06:39:43+00:00,0.057,0.735,0.208,2018-06-19
299,-0.3412,3,terriwal1951,1010364717297209345,en,terri wallace,Coca-Cola Company,@CocaCola will be reading all labels that day coca cola and will not be purchasing. .not supporting any company no‚Ä¶ https://t.co/ZS0NC3Zb1d,2018-06-23 03:31:34+00:00,0.107,0.893,0.0,2018-06-19
300,-0.34,1596,Unifor2002,1010303922521534464,en,Unifor 2002,Coca-Cola Company,Send a message to @CocaCola insisting the company act to remedy the growing number of human rights violations withi‚Ä¶ https://t.co/Iz52YmHy5y,2018-06-22 23:30:00+00:00,0.152,0.714,0.134,2018-06-19
301,0.0,178,dhirsh,1011039668807200768,en,deborah hirsh,Halliburton Company,#InvestigageZinkeEthics questions surround Zinke‚Äôs ties to a Halliburton real estate deal in Montana: The oil compa‚Ä¶ https://t.co/u1edRFGTzq,2018-06-25 00:13:35+00:00,0.0,1.0,0.0,2018-06-19
302,0.5859,83,itsme7adi,1010948649352880129,en,Hadi | ŸáÿßÿØŸä,Halliburton Company,"A poem for @Halliburton from its brilliant engineer @barq2525 Abdullah Abataheen, the poem describes the story of t‚Ä¶ https://t.co/GdbYwlD5xX",2018-06-24 18:11:55+00:00,0.0,0.817,0.183,2018-06-19
303,0.0,216,fjafreshers,1010533398228549632,en,Freshers Jobs A Adda,Hewlett-Packard Company,"Hi

Hewlett Packard (HP) Company recruiting Freshers &amp; Experienced (0 to 2 Years)

Education and Experience Require‚Ä¶ https://t.co/08ypcjKLfx",2018-06-23 14:41:51+00:00,0.0,1.0,0.0,2018-06-19
304,0.0,71,InfotechReport,1010248557918449664,en,The.Infotech.Report,Hewlett-Packard Company,"At Hewlett Packard Enterprise‚Äôs Discover 2018 event, the company unveiled new Edgeline servers with compute and sto‚Ä¶ https://t.co/aPxvAoGEyn",2018-06-22 19:50:00+00:00,0.0,1.0,0.0,2018-06-19
305,-0.4404,862,JoshPerona,1010243891713462273,en,Joshua Perona,Hewlett-Packard Company,"It is tough to be strategic when your pants are on fire.
‚Äî Ron Kifer, VP Global IT, Hewlett Packard

When companies‚Ä¶ https://t.co/XcJlc2JYuL",2018-06-22 19:31:27+00:00,0.163,0.837,0.0,2018-06-19
306,0.0,63,trading4fun2,1010242425577705472,en,Lubomir Slauka,Hewlett-Packard Company,"Company: Hewlett Packard Enterprise Co.
https://t.co/m8qruXPRT8
Investment idea: LONG around 15$, add on dip toward‚Ä¶ https://t.co/RHifLimPR4",2018-06-22 19:25:38+00:00,0.0,1.0,0.0,2018-06-19
307,0.0,243,ColoradoTimeSys,1009828299982430210,en,ColoradoTimeSystems,Hewlett-Packard Company,"#tbt and a little history lesson!  In 1972, four Hewlett-Packard engineers spun off from HP and founded Colorado Ti‚Ä¶ https://t.co/21j9suhr5y",2018-06-21 16:00:03+00:00,0.0,1.0,0.0,2018-06-19
308,-0.5574,154,TrygveWettestad,1009785683576098816,en,Trygve Wettestad,Hewlett-Packard Company,"Aruba, a Hewlett Packard Enterprise company¬†sin nye SD-Branch l√∏sning vil forenkle utrulling av nye lokasjoner og t‚Ä¶ https://t.co/6Zrp2GuMaa",2018-06-21 13:10:42+00:00,0.175,0.825,0.0,2018-06-19
309,0.0,203,ziaaskari,1009776623367917569,en,Zia Askari,Hewlett-Packard Company,"Aruba, a Hewlett Packard Enterprise company #aruba #arubawireless  Stewart Ebrat 
#sdwan Corey Hasberry‚Ä¶ https://t.co/NnlNMtRofM",2018-06-21 12:34:42+00:00,0.0,1.0,0.0,2018-06-19
310,0.0,1971,CSO_Australia,1009774079178571778,en,CSO Australia,Hewlett-Packard Company,#CSOSoT18¬†Thankyou to our sponsors¬†F5 Networks¬†Darktrace¬†McAfee¬†Kaspersky Lab Australia and New Zealand¬†@Sophos¬†Ten‚Ä¶ https://t.co/8H8ZOmaZN4,2018-06-21 12:24:35+00:00,0.0,1.0,0.0,2018-06-19
311,0.0,33,Jomo_tv,1009642014395138049,en,JomoNaija,Hewlett-Packard Company,"@dan_2xcel @dolusunmade Olalekan Owokogun Aruba, a Hewlett Packard Enterprise company Coffey, A Tetra Tech Company‚Ä¶ https://t.co/dFhtqrpE4b",2018-06-21 03:39:49+00:00,0.0,1.0,0.0,2018-06-19
312,0.0,261,lizlondon,1009622734148722688,en,Liz London Artist,Hewlett-Packard Company,"@Bill Dahms Anthony Volpe A. O. Smith Corporation Aruba, a Hewlett Packard Enterprise company Coffey, A Tetra Tech‚Ä¶ https://t.co/DQG7lrg1AJ",2018-06-21 02:23:12+00:00,0.0,1.0,0.0,2018-06-19
313,0.69,401,billkalivas,1009547345468514304,en,billkalivas,Hewlett-Packard Company,"Excited to see our parent company, HPE, continue to invest in the Intelligent Edge and Aruba!‚Ä¶ https://t.co/q8seNqWPjG",2018-06-20 21:23:38+00:00,0.0,0.725,0.275,2018-06-19
314,0.0,332,davidcoberly1,1009515731158032385,en,David Coberly,Hewlett-Packard Company,"We're taking a stand for simpler branch networks | Aruba, a Hewlett Packard Enterprise company https://t.co/oSku2OOqP8",2018-06-20 19:18:00+00:00,0.0,1.0,0.0,2018-06-19
315,0.0,13,geek3computer,1009171585901711371,en,Geek3 Computer Repai,Hewlett-Packard Company,"Did you know?

To raise capital for their new company, Steve Jobs sold his Volkswagen van and Steve Wozniak sold hi‚Ä¶ https://t.co/ZdKCAYJRYH",2018-06-19 20:30:30+00:00,0.0,1.0,0.0,2018-06-19
316,0.4404,872,rushmew,1009164173979381760,en,Rushdia M. Mehreen,Hewlett-Packard Company,"HP corporations profit from occupation &amp; #apartheid in #Palestine through technology contracts w/ Israeli police, p‚Ä¶ https://t.co/Af4mS7vr6Z",2018-06-19 20:01:03+00:00,0.0,0.847,0.153,2018-06-19
317,0.0,251,pmazerall,1009126829893062656,en,Maz1978,Hewlett-Packard Company,$COHO The CEO recently acquired the company Evolve inc as his latest acquisition. He personally financed it under v‚Ä¶ https://t.co/CpWwCX3ywT,2018-06-19 17:32:39+00:00,0.0,1.0,0.0,2018-06-19
